Variable,DescrCA,DescrES,DescrEN,Valor_Value,LabelCA,LabelES,LabelEN,,
CODI_LLAR,Codi de la llar,Código del hogar,Home code,,,,,,
CODI_PERSONA,Codi de la persona,Código de la persona,Person code,,,,,,
CODI_PERSONA,,,,1,Persona 1,Persona 1,Person 1,,
CODI_PERSONA,,,,2,Persona 2,Persona 2,Person 2,,
CODI_PERSONA,,,,3,Persona 3,Persona 3,Person 3,,
CODI_PERSONA,,,,4,Persona 4,Persona 4,Person 4,,
CODI_PERSONA,,,,5,Persona 5,Persona 5,Person 5,,
CODI_PERSONA,,,,6,Persona 6,Persona 6,Person 6,,
CODI_PERSONA,,,,7,Persona 7,Persona 7,Person 7,,
CODI_PERSONA,,,,8,Persona 8,Persona 8,Person 8,,
CODI_PERSONA,,,,9,Persona 9,Persona 9,Person 9,,
CODI_PERSONA,,,,10,Persona 10,Persona 10,Person 10,,
CODI_PERSONA,,,,11,Persona 11,Persona 11,Person 11,,
CODI_PERSONA,,,,12,Persona 12,Persona 12,Person 12,,
CODI_PERSONA,,,,13,Persona 13,Persona 13,Person 13,,
CODI_PERSONA,,,,14,Persona 14,Persona 14,Person 14,,
CODI_PERSONA,,,,15,Persona 15,Persona 15,Person 15,,
T1_ID_SEC_TRIM,Trimestre de referència de la secció,Trimestre de referencia de la sección,Section reference quarter,,,,,,
T1_DATA_DIA,Dia de referència del diari,Día de referencia del diario,Diary reference day,,,,,,
T1_DATA_MES,Mes de referència del diari,Mes de referencia del diario,Diary reference month,,,,,,
T1_DATA_ANY,Any de referència del diari,Año de referencia del diario,Diary reference year,,,,,,
T2_HH_INICI,Hora d'inici de la primera activitat del diari,Hora de inicio de la primera actividad del diario,Hour of the start of the first diary activity,,,,,,
T2_MM_INICI,Minut d'inici de la primera activitat del diari,Minuto de inicio de la primera actividad del diario,Minute of the start of the first diary activity,,,,,,
T6_HH_FI,Hora de final de la darrera activitat principal,Hora de final de la última actividad principal,Hour of the end of the last main activity,,,,,,
T6_MM_FI,Minuts finals de la darrera activitat principal,Minutos finales de la última actividad principal,Minute of the end of the last main activity,,,,,,
T7_QUAN,1. Quan ha emplenat el diari?,1. ¿Cuándo ha cumplimentado el diario?,1. When did you fill in the diary?,,,,,,
T7_QUAN,,,,1,Al llarg del dia de referència,A lo largo del día de referencia,During the reference day,,
T7_QUAN,,,,2,Al final del dia de referència,Al final del día de referencia,At the end of the reference day,,
T7_QUAN,,,,3,El dia següent al de referència,El día siguiente al de referencia,The day after the reference day,,
T7_QUAN,,,,4,Més tard,Más tarde,Later,,
T7_QUAN_TARD,1.1. Dies de retard en emplenar el diari respecte de la data de referència,1.1. Días de retraso en cumplimentar el diario respecto a la fecha de referencia,1.1. Days of delay in filling in the dairy after the reference date,,,,,,
T7_TIPUS_DIA,2. Com considera que ha estat aquest dia?,2. ¿Cómo considera que ha sido este día?,2. How do you consider this day to have been?,,,,,,
T7_TIPUS_DIA,,,,1,Dia habitual,Día habitual,A usual day,,
T7_TIPUS_DIA,,,,2,Dia inusual,Día inusual,An unusual day,,
T7_INUSUAL_1,3.1 Motius pels quals ha estat inusual aquest dia: Dia aclaparador per la quantitat de tasques a fer,3.1 Motivos por los cuales ha sido inusual este día: Día abrumador por la cantidad de tareas a realizar,3.1 Reasons why this day has been unusual: A day that was overwhelming due to amount of tasks to be done,,,,,,
T7_INUSUAL_1,,,,1,Sí,Sí,Yes,,
T7_INUSUAL_1,,,,6,No,No,No,,
T7_INUSUAL_2,3.2 Motius pels quals ha estat inusual aquest dia: Malaltia,3.2 Motivos por los cuales ha sido inusual este día: Enfermedad,3.2 Reasons why this day has been unusual: Ill,,,,,,
T7_INUSUAL_2,,,,1,Sí,Sí,Yes,,
T7_INUSUAL_2,,,,6,No,No,No,,
T7_INUSUAL_3,3.3 Motius pels quals ha estat inusual aquest dia: Dia lliure, de festa o vacances,3.3 Motivos por los cuales ha sido inusual este día: Día libre, de fiesta o vacaciones,3.3 Reasons why this day has been unusual: Day off, public holiday, or holidays,,
T7_INUSUAL_3,,,,1,Sí,Sí,Yes,,
T7_INUSUAL_3,,,,6,No,No,No,,
T7_INUSUAL_4,3.4 Motius pels quals ha estat inusual aquest dia: Un altre motiu,3.4 Motivos por los cuales ha sido inusual este día: Otro motivo,3.4 Reasons why this day has been unusual: Another reason,,,,,,
T7_INUSUAL_4,,,,1,Sí,Sí,Yes,,
T7_INUSUAL_4,,,,6,No,No,No,,
T7_VIATGE,4. Ha estat de viatge en una altra localitat durant el dia de referència del diari?,4. ¿Ha estado de viaje en otra localidad durante el día de referencia del diario?,4. Were you traveling to another town/city during the diary reference day?,,,,,,
T7_VIATGE,,,,1,No estava de viatge,No estaba de viaje,Not traveling,,
T7_VIATGE,,,,2,Estava de viatge d'un sol dia dins del país,Estaba de viaje de un solo día dentro del país,On a one-day trip inside the country,,
T7_VIATGE,,,,3,Estava de viatge d'un sol dia al estranger,Estaba de viaje de un solo día en el extranjero,On a one-day trip abroad,,
T7_VIATGE,,,,4,Estava de viatge pernoctant dins del país,Estaba de viaje pernoctando dentro del país,On an overnight trip inside the country,,
T7_VIATGE,,,,5,Estava de viatge pernoctant a l'estranger,Estaba de viaje pernoctando en el extranjero,On an overnight trip abroad,,
T7_VIATGE_KM,4.1 (Si la resposta és sí) A quina distància de casa seva va viatjar? Anoti la distància aproximada des de la seva llar (només un sentit). Si ha fet diferents viatges, anoti el més llarg,4.1 (Si la respuesta es sí) ¿A qué distancia de su casa viajó? Anote la distancia aproximada desde su hogar (sólo un sentido). Si ha realizado diferentes viajes, anote el más largo,4.1 (If yes) How far from home did you travel? Write down the approximate distance from home (one way only). If you made several trips, write down the longest,,,
T7_T_REMUNERAT,5. En els últims set dies, ha dut a terme alguna feina remunerada en metàl·lic o en espècie per compte d'altri o ha treballat per compte propi o ajudant familiars durant almenys una hora?,5. En los últimos siete días, ¿ha realizado algún trabajo remunerado en metálico o en especie por cuenta ajena o ha trabajado por cuenta propia o ayudando a familiares durante al menos una hora?,5. In the last seven days, did you do any paid work in cash or in kind as an employee, on a self-employed basis or helping relatives for at least one hour?,,
T7_T_REMUNERAT,,,,1,Sí,,,,
T7_T_REMUNERAT,,,,6,No,,,,
CURAPER,Temps (en minuts) de cura personal,Tiempo (en minutos) de cuidado personal,Time (in minutes) spent on personal care,,,,,,
TREBALL,Temps (en minuts) de treball remunerat,Tiempo (en minutos) de trabajo remunerado,Time (in minutes) spent on paid work,,,,,,
ESTUDI,Temps (en minuts) destinat a estudiar,Tiempo (en minutos) destinado a estudiar,Time (in minutes) spent on studying,,,,,,
LLARFAM,Temps (en minuts) destinat a activitats relacionades amb la llar i la família,Tiempo (en minutos) destinado a actividades relacionadas con el hogar y la familia,Time (in minutes) spent on activities related to the home and family,,,,,,
VOLREUN,Temps (en minuts) destinat a treball voluntari i reunions,Tiempo (en minutos) destinado a trabajo voluntario y reuniones,Time (in minutes) spent on volunteer work and meetings,,,,,,
VIDSOC,Temps (en minuts) destinat a vida social i diversió,Tiempo (en minutos) destinado a vida social y diversión,Time (in minutes) spent on social life and fun,,,,,,
ESPORT,Temps (en minuts) destinat a esports i activitats a l'aire lliure,Tiempo (en minutos) destinado a deportes y actividades al aire libre,Time (in minutes) spent on sport and outdoor activities,,,,,,
AFICC,Temps (en minuts) destinat a aficions i informàtica,Tiempo (en minutos) destinado a aficiones e informática,Time (in minutes) spent on hobbies and computers,,,,,,
MITJCOM,Temps (en minuts) destinat als mitjans de comunicació,Tiempo (en minutos) destinado a los medios de comunicación,Time (in minutes) spent on the media,,,,,,
TRAJECTE,Temps (en minuts) destinat a trajectes i ús del temps no especificat,Tiempo (en minutos) destinado a trayectos y uso del tiempo no especificado,Time (in minutes) spent on travel and unspecified time use,,,,,,
CURAPER2,Participa en activitats de cura personal,Participa en actividades de cuidado personal,Participates in personal care activities,,,,,,
CURAPER2,,,,1,Sí,Sí,Yes,,
CURAPER2,,,,6,No,No,No,,
TREBALL2,Participa en altres activitats de la feina,Participa en otras actividades del trabajo,Participates in other work activities,,,,,,
TREBALL2,,,,1,Sí,Sí,Yes,,
TREBALL2,,,,6,No,No,No,,
ESTUDI2,Participa en activitats d'estudi,Participa en actividades de estudio,Participates in study activities,,,,,,
ESTUDI2,,,,1,Sí,Sí,Yes,,
ESTUDI2,,,,6,No,No,No,,
LLARFAM2,Participa en activitats de la llar i la família,Participa en actividades del hogar y la familia,Participates in home and family activities,,,,,,
LLARFAM2,,,,1,Sí,Sí,Yes,,
LLARFAM2,,,,6,No,No,No,,
VOLREUN2,Participa en activitats i reunions de voluntariat,Participa en actividades y reuniones de voluntariado ,Participates in volunteer activities and meetings,,,,,,
VOLREUN2,,,,1,Sí,Sí,Yes,,
VOLREUN2,,,,6,No,No,No,,
VIDSOC2,Participa en activitats de vida social,Participa en actividades de vida social,Participates in social life activities,,,,,,
VIDSOC2,,,,1,Sí,Sí,Yes,,
VIDSOC2,,,,6,No,No,No,,
ESPORT2,Participa en activitats esportives,Participa en actividades deportivas,Participates in sport activities,,,,,,
ESPORT2,,,,1,Sí,Sí,Yes,,
ESPORT2,,,,6,No,No,No,,
AFICC2,Participa en activitats de lleure i informàtica,Participa en actividades de ocio e informática,Participates in leisure and computing activities,,,,,,
AFICC2,,,,1,Sí,Sí,Yes,,
AFICC2,,,,6,No,No,No,,
MITJCOM2,Participa en activitats dels mitjans de comunicació,Participa en actividades de los medios de comunicación,Participates in media activities,,,,,,
MITJCOM2,,,,1,Sí,Sí,Yes,,
MITJCOM2,,,,6,No,No,No,,
TRAJECTE2,Participa en activitats de trajectes o ús del temps no especificat,Participa en actividades de trayectos o uso del tiempo no especificado,Participates in travel activities or unspecified time use,,,,,,
TRAJECTE2,,,,1,Sí,Sí,Yes,,
TRAJECTE2,,,,6,No,No,No,,
DORMIR,Temps diari (en segons) de dormir,Tiempo diario (en segundos) de dormir,Daily sleeping time (in seconds),,,,,,
MENJAR,Temps diari (en segons) de menjar,Tiempo diario (en segundos) de comer,Daily eating time (in seconds),,,,,,
ALTRECUR,Temps diari (en segons) d'altra cura personal,Tiempo diario (en segundos) de otro cuidado personal,Daily other personal care time (in seconds),,,,,,
TREBPRIN,Temps diari (en segons) de feina principal i secundària,Tiempo diario (en segundos) de trabajo principal y secundario,Daily paid work time (in seconds),,,,,,
ALTRETREB,Temps diari (en segons) d'activitats relacionades amb la feina,Tiempo diario (en segundos) de actividades relacionadas con el trabajo,Daily other activities related to paid work time (activities),,,,,,
ESTUDIS_NE,Temps diari (en segons) d'estudis no especificats,Tiempo diario (en segundos) de estudios no especificados,Daily unspecified study time (in seconds),,,,,,
ESTUDIS,Temps diari (en segons) d'estudi a la escola o universitat,Tiempo diario (en segundos) de estudio en la escuela o universidad,Daily study activities at school, secondary scool or university time (in seconds),,,,,
ESTUDIS_TLL,Temps diari (en segons) d'estudi durant el temps lliure,Tiempo diario (en segundos) de estudio durante el tiempo libre,Daily study activities during free time (in seconds),,,,,,
LLARFAM_NE,Temps diari (en segons) d'activitats relacionades amb la llar i la família no especificades,Tiempo diario (en segundos) de actividades relacionadas con el hogar y la familia no especificadas,Daily unspecified household and family activities time (in seconds),,,,,,
CULIN,Temps diari (en segons) d'activitats culinàries,Tiempo diario (en segundos) de actividades culinarias,Daily culinary activities time (in seconds),,,,,,
MANTLLAR,Temps diari (en segons) de manteniment de la llar,Tiempo diario (en segundos) de mantenimiento del hogar,Daily home maintenance time (in seconds),,,,,,
CONFECC,Temps diari (en segons) de confecció i cura de roba,Tiempo diario (en segundos) de confección y cuidado de ropa,Daily clothing making and preparation time (in seconds),,,,,,
JARDI,Temps diari (en segons) de jardineria i cura d'animals,Tiempo diario (en segundos) de jardinería y cuidado de animales,Daily gardening and animal care time (in seconds),,,,,,
REPAR,Temps diari (en segons) de construcció i reparacions,Tiempo diario (en segundos) de construcción y reparaciones,Daily construction and repair time (in seconds),,,,,,
COMPRA,Temps diari (en segons) de compres i serveis,Tiempo diario (en segundos) de compras y servicios,Daily shopping and service time (in seconds),,,,,,
GESTIO,Temps diari (en segons) de gestions de la llar,Tiempo diario (en segundos) de gestiones del hogar,Daily home management time (in seconds),,,,,,
CURANEN,Temps diari (en segons) de cura de nens membres de la llar,Tiempo diario (en segundos) de cuidado de niños miembros del hogar,Daily care activities for child members of the household time (in seconds),,,,,,
CURADUL,Temps diari (en segons) de cura d'adults membres de la llar,Tiempo diario (en segundos) de ayuda a adultos miembros del hogar,Daily care activities for adult members time (in seconds),,,,,,
ORGANIT,Temps diari (en segons) de treballs voluntaris al servei d'una organització,Tiempo diario (en segundos) de trabajos voluntarios al servicio de una organización,Daily volunteer work activities for an organisation time (in seconds),,,,,,
ALTLLAR,Temps diari (en segons) d'ajudes informals a altres llars,Tiempo diario (en segundos) de ayudas informales a otros hogares,Daily informal activities to help other homes time (in seconds),,,,,,
PARTICIP,Temps diari (en segons) d'activitats participatives,Tiempo diario (en segundos) de actividades participativas,Daily participatory activities time (in seconds),,,,,,
SOCIABIL,Temps diari (en segons) de vida social,Tiempo diario (en segundos) de vida social,Daily social life time (in seconds),,,,,,
CULTURA,Temps diari (en segons) de diversió i cultura,Tiempo diario (en segundos) de diversión y cultura,Daily leisure and cultural time (in seconds),,,,,,
LLEUREPA,Temps diari (en segons) de lleure passiu,Tiempo diario (en segundos) de ocio pasivo,Daily passive leisure time (in seconds),,,,,,
EXFIS,Temps diari (en segons) d'exercici fisic,Tiempo diario (en segundos) de ejercicio físico,Daily physical exercise time (in seconds),,,,,,
EXPROD,Temps diari (en segons) d'exercici productiu,Tiempo diario (en segundos) de ejercicio productivo,Daily productive exercise time (in seconds),,,,,,
ALTRESP,Temps diari (en segons) d'activitats relacionades amb els esports,Tiempo diario (en segundos) de actividades relacionadas con el deporte,Daily other sport-related activities time (in seconds),,,,,,
ART,Temps diari (en segons) d'art i aficions,Tiempo diario (en segundos) de arte y aficiones,Daily art and hobby time (in seconds),,,,,,
INFORMAT,Temps diari (en segons) d'informàtica,Tiempo diario (en segundos) de informática,Daily computer time (in seconds),,,,,,
JOCS,Temps diari (en segons) de jocs,Tiempo diario (en segundos) de juegos,Daily gaming time (in seconds),,,,,,
LECTURA,Temps diari (en segons) de lectura,Tiempo diario (en segundos) de lectura,Daily reading time (in seconds),,,,,,
TELE,Temps diari (en segons) de televisió i vídeo,Tiempo diario (en segundos) de televisión y video,Daily TV, video or DVD watching time (in seconds),,,,,
RADIO,Temps diari (en segons) d'escoltar la ràdio o gravacions,Tiempo diario (en segundos) de escuchar la radio o grabaciones,Daily radio o recording listening time (in seconds),,,,,,
DESPLAÇ_FI,Temps diari (en segons) de trajectes amb finalitat especificada o no,Tiempo diario (en segundos) de trayectos con finalidad especificada o no,Daily travel activities for a specified or unspecified purpose time (in seconds),,,,,,
DESPLAÇ_TREB,Temps diari (en segons) de trajectes d'anada a la feina i tornada a casa,Tiempo diario (en segundos) de trayectos de ida al trabajo y vuelta a casa,Daily travel activities to and from work time (in seconds),,,,,,
DESPLAÇ_EST,Temps diari (en segons) de trajectes deguts a estudis,Tiempo diario (en segundos) de trayectos debidos a estudios,Daily travel activities due to studies time (in seconds),,,,,,
DESPLAÇ_LLARFAM,Temps diari (en segons) de trajectes deguts a activitats de la llar i la família,Tiempo diario (en segundos) de trayectos debidos a actividades del hogar y la familia,Daily travel activities due to home and family time (in seconds),,,,,,
DESPLAÇ_VOL,Temps diari (en segons) de trajectes deguts a treball voluntari i reunions,Tiempo diario (en segundos) de trayectos debidos a trabajo voluntario y reuniones,Daily travel activities due to volunteer work and meetings,,,,,,
DESPLAÇ_VIDSOC,Temps diari (en segons) de trajectes deguts a la vida social,Tiempo diario (en segundos) de trayectos debidos a la vida social,Daily travel activites due to social life time (in seconds),,,,,,
DESPLAÇ_TLL,Temps diari (en segons) de trajectes deguts a altres activitats de temps lliure,Tiempo diario (en segundos) de trayectos debidos a otras actividades de tiempo libre,Daily travel activities due to other leisure activities time (in seconds),,,,,,
DESPLAÇ_MUNI,Temps diari (en segons) de trajectes deguts a canvis de municipi,Tiempo diario (en segundos) de trayectos debidos a cambios de municipio,Daily travel activities for the purpose of changing municipality time (in seconds),,,,,,
CODIS_AUX,Temps diari (en segons) d'activitats com emplenar enquestes, temps lliure no especificat o altres,Tiempo diario (en segundos) de actividades como rellenar encuestas, tiempo libre no especificado u otros,Daily other activities such as completing surveys, unspecified free time or others time (in seconds),,,
TOTAL_HORES_DIA,Suma de tots els temps de les activitats realitzades,Suma de todos los tiempos de las actividades realizadas,Sum of all times of activities performed,,,,,,
DORMIR2,Participa en activitats de dormir,Participa en actividades de dormir,Participates in sleeping activities,,,,,,
,,,,1,Sí,Sí,Yes,,
,,,,6,No,No,No,,
MENJAR2,Participa en activitats de menjar,Participa en actividades de comer,Participates in eating activities,,,,,,
,,,,1,Sí,Sí,Yes,,
,,,,6,No,No,No,,
ALTRECUR2,Participa en activitats d'altres cures personals,Participa en actividades de otros cuidados personales,Participates in other personal care activities,,,,,,
,,,,1,Sí,Sí,Yes,,
,,,,6,No,No,No,,
TREBPRIN2,Participa en activitats de treball remunerat,Participa en actividades de trabajo remunerado,Participates in paid work activities,,,,,,
,,,,1,Sí,Sí,Yes,,
,,,,6,No,No,No,,
ALTRETREB2,Participa en altres activitats relacionades amb el treball remunerat,Participa en otras actividades relacionadas con el trabajo remunerado,Participates in other activities related to paid work,,,,,,
,,,,1,Sí,Sí,Yes,,
,,,,6,No,No,No,,
ESTUDIS_NE2,Participa en activitats d'estudis no especificats,Participa en actividades de estudios no especificados,Participates in unspecified study activities,,,,,,
,,,,1,Sí,Sí,Yes,,
,,,,6,No,No,No,,
ESTUDIS2,Participa en activitats d'estudis a l'escola, institut o universitat,Participa en actividades de estudios en la escuela, instituto o universidad,Participates in study activities at school, secondary school or university,,,
,,,,1,Sí,Sí,Yes,,
,,,,6,No,No,No,,
ESTUDIS_TLL2,Participa en activitats d'estudis durant el temps lliure,Participa en actividades de estudios durante el tiempo libre,Participates in study activities during free time,,,,,,
,,,,1,Sí,Sí,Yes,,
,,,,6,No,No,No,,
LLARFAM_NE2,Participa en activitats relacionades amb la llar i la família no especificades,Participa en actividades relacionadas con el hogar y la familia no especificadas,Participates in unspecified household and family activities,,,,,,
,,,,1,Sí,Sí,Yes,,
,,,,6,No,No,No,,
CULIN2,Participa en activitats culinàries,Participa en actividades culinarias,Participates in culinary activities,,,,,,
,,,,1,Sí,Sí,Yes,,
,,,,6,No,No,No,,
MANTLLAR2,Participa en activitats de manteniment de la llar,Participa en actividades de mantenimiento del hogar,Participates in home maintenance activities,,,,,,
,,,,1,Sí,Sí,Yes,,
,,,,6,No,No,No,,
CONFECC2,Participa en activitats de confecció i preparació de la roba,Participa en actividades de confección y preparación de ropa,Participates in clothing making and preparation activities,,,,,,
,,,,1,Sí,Sí,Yes,,
,,,,6,No,No,No,,
JARDI2,Participa en activitats de jardineria i cura d'animals,Participa en actividades de jardinería y cuidado de animales,Participates in gardening and animal care activities,,,,,,
,,,,1,Sí,Sí,Yes,,
,,,,6,No,No,No,,
REPAR2,Participa en activitats de construcció i reparacions,Participa en actividades de construcción y reparaciones,Participates in construction and repair activities,,,,,,
,,,,1,Sí,Sí,Yes,,
,,,,6,No,No,No,,
COMPRA2,Participa en activitats de compres i serveis,Participa en actividades de compras y servicios,Participates in shopping and service activities,,,,,,
,,,,1,Sí,Sí,Yes,,
,,,,6,No,No,No,,
GESTIO2,Participa en activitats de gestions de la llar,Participa en actividades de gestiones del hogar,Participates in home management activities,,,,,,
,,,,1,Sí,Sí,Yes,,
,,,,6,No,No,No,,
CURANEN2,Participa en activitats d'atenció als nens membres de la llar,Participa en actividades de atención a los niños miembros del hogar,Participates in care activities for child members of the household,,,,,,
,,,,1,Sí,Sí,Yes,,
,,,,6,No,No,No,,
CURADUL2,Participa en activitats d'atenció a adults membres de la llar,Participa en actividades de atención a adultos miembros del hogar,Participates in care activities for adult members of the household,,,,,,
,,,,1,Sí,Sí,Yes,,
,,,,6,No,No,No,,
ORGANIT2,Participa en activitats de treballs voluntaris al servei d'una organització,Participa en actividades de trabajos voluntarios al servicio de una organización,Participates in volunteer work activities for an organisation,,,,,,
,,,,1,Sí,Sí,Yes,,
,,,,6,No,No,No,,
ALTLLAR2,Participa en activitats d'ajudes informals a altres llars,Participa en actividades de ayudas informales a otros hogares,Participates in informal activities to help other homes,,,,,,
,,,,1,Sí,Sí,Yes,,
,,,,6,No,No,No,,
PARTICIP2,Participa en activitats participatives,Participa en actividades participativas,Participates in participatory activities,,,,,,
,,,,1,Sí,Sí,Yes,,
,,,,6,No,No,No,,
SOCIABIL2,Participa en activitats de vida social,Participa en actividades de vida social,Participates in social life activities,,,,,,
,,,,1,Sí,Sí,Yes,,
,,,,6,No,No,No,,
CULTURA2,Participa en activitats de diversió i cultura,Participa en actividades de diversión y cultura,Participate in leisure and cultural activities,,,,,,
,,,,1,Sí,Sí,Yes,,
,,,,6,No,No,No,,
LLEUREPA2,Participa en activitats de lleure passiu,Participa en actividades de ocio pasivo,Participates in passive leisure activities,,,,,,
,,,,1,Sí,Sí,Yes,,
,,,,6,No,No,No,,
EXFIS2,Participa en activitats d'exercici físic,Participa en actividades de ejercicio físico,Participate in physical exercise activities,,,,,,
,,,,1,Sí,Sí,Yes,,
,,,,6,No,No,No,,
EXPROD2,Participa en activitats d'exercici productiu,Participa en actividades de ejercicio productivo,Participates in productive exercise activities,,,,,,
,,,,1,Sí,Sí,Yes,,
,,,,6,No,No,No,,
ALTRESP2,Participa en altres activitats relacionades amb els esports,Participa en otras actividades relacionadas con el deporte,Participates in other sport-related activities,,,,,,
,,,,1,Sí,Sí,Yes,,
,,,,6,No,No,No,,
ART2,Participa en activitats d'art i aficions,Participa en actividades de arte y aficiones,Participates in art and hobby activities,,,,,,
,,,,1,Sí,Sí,Yes,,
,,,,6,No,No,No,,
INFORMAT2,Participa en activitats d'informàtica,Participa en actividades de informática,Participates in computer activities,,,,,,
,,,,1,Sí,Sí,Yes,,
,,,,6,No,No,No,,
JOCS2,Participa en activitats de jocs,Participa en actividades de juegos,Participates in gaming activities,,,,,,
,,,,1,Sí,Sí,Yes,,
,,,,6,No,No,No,,
LECTURA2,Participa en activitats de lectura,Participa en actividades de lectura,Participates in reading activities,,,,,,
,,,,1,Sí,Sí,Yes,,
,,,,6,No,No,No,,
TELE2,Participa en activitats de mirar la televisió, vídeo o DVD,Participa en actividades de mirar la televisión, video o DVD,Participates in TV, video or DVD watching activities,,,
,,,,1,Sí,Sí,Yes,,
,,,,6,No,No,No,,
RADIO2,Participa en activitats d'escoltar la ràdio o gravacions,Participa en actividades de escuchar la radio o grabaciones,Participates in radio or recording listening activities ,,,,,,
,,,,1,Sí,Sí,Yes,,
,,,,6,No,No,No,,
DESPLAÇ_FI2,Participa en activitats de trajectes amb finalitat especificada o no,Participa en actividades de trayectos con finalidad especificada o no,Participates in travel activities for a specified or unspecified purpose,,,,,,
,,,,1,Sí,Sí,Yes,,
,,,,6,No,No,No,,
DESPLAÇ_TREB2,Participa en activitats de trajectes d'anada a la feina i tornada a casa,Participa en actividades de trayectos de ida al trabajo y vuelta a casa,Participates in travel activities to and from work,,,,,,
,,,,1,Sí,Sí,Yes,,
,,,,6,No,No,No,,
DESPLAÇ_EST2,Participa en activitats de trajectes deguts a estudis,Participa en actividades de trayectos debidos a estudios,Participates in travel activities due to studies,,,,,,
,,,,1,Sí,Sí,Yes,,
,,,,6,No,No,No,,
DESPLAÇ_LLARFAM2,Participa en activitats de trajectes deguts a la llar i la família,Participa en actividades de trayectos debidos al hogar y la familia,Participates in travel activities due to home and family,,,,,,
,,,,1,Sí,Sí,Yes,,
,,,,6,No,No,No,,
DESPLAÇ_VOL2,Participa en activitats de trajectes deguts al treball voluntari i reunions,Participa en actividades de trayectos debidos al trabajo voluntario y reuniones,Participates in travel activities due to volunteer work and meetings,,,,,,
,,,,1,Sí,Sí,Yes,,
,,,,6,No,No,No,,
DESPLAÇ_VIDSOC2,Participa en activitats de trajectes deguts a la vida social,Participa en actividades de trayectos debidos a la vida social,Participates in travel activities due to social life,,,,,,
,,,,1,Sí,Sí,Yes,,
,,,,6,No,No,No,,
DESPLAÇ_TLL2,Participa en activitats de trajectes deguts a altres activitas de temps lliure,Participa en actividades de trayectos debidos a otras actividades de tiempo libre,Participates in travel activities due to other leisure activities,,,,,,
,,,,1,Sí,Sí,Yes,,
,,,,6,No,No,No,,
DESPLAÇ_MUNI2,Participa en activitats de trajectes amb finalitat de canvi de municipi,Participa en actividades de trayectos con finalidad de cambio de municipio,Participates in travel activities for the purpose of changing municipality,,,,,,
,,,,1,Sí,Sí,Yes,,
,,,,6,No,No,No,,
CODIS_AUX2,Participa en altres activitats com emplenar enquestes, temps lliure no especificat o altres,Participa en otras actividades como rellenar encuestas, tiempo libre no especificado u otros,Participates in other activities such as completing surveys, unspecified free time or others,,,
,,,,1,Sí,Sí,Yes,,
,,,,6,No,No,No,,
APRIN_6,Activitat principal a les 6:00 (a un dígit),Actividad principal a las 6:00 (a un dígito),Main activity at 6:00 (one digit),,,,,,
APRIN_6,,,,0,Cura personal,Cuidado personal,Personal care,,
APRIN_6,,,,1,Treball remunerat,Trabajo remunerado,Paid work,,
APRIN_6,,,,2,Estudis,Estudios,Studying,,
APRIN_6,Activitat principal a les 6:00 (a un dígit ),Actividad principal a las 6:00 (a un dígito),Main activity at 6:00 (one digit),3,Llar i família,Hogar y familia,Home and family,,
APRIN_6,,,,4,Activitats i reunions de voluntariat,Actividades y reuniones de voluntariado,Volunteer activities and meetings,,
APRIN_6,,,,5,Vida social i diversió,Vida social y diversión,Social life and fun,,
APRIN_6,,,,6,Esports i activitats a l'aire lliure,Deportes y actividades al aire libre,Outdoor sport and activities,,
APRIN_6,,,,7,Activitats de lleure i informàtica,Actividades de ocio e informática,Leisure and computer activities,,
APRIN_6,,,,8,Mitjans de comunicació,Medios de comunicación,Media,,
APRIN_6,,,,9,Trajectes i ús del temps no especificat,Trayectos y uso del tiempo no especificado,Travel and unspecified time use,,
APRIN_7,Activitat principal a les 7:00 (a un dígit),Actividad principal a las 7:00 (a un dígito),Main activity at 7:00 (one digit),,,,,,
APRIN_7,,,,0,Cura personal,Cuidado personal,Personal care,,
APRIN_7,,,,1,Treball remunerat,Trabajo remunerado,Paid work,,
APRIN_7,,,,2,Estudis,Estudios,Studying,,
APRIN_7,,,,3,Llar i família,Hogar y familia,Home and family,,
APRIN_7,,,,4,Activitats i reunions de voluntariat,Actividades y reuniones de voluntariado,Volunteer activities and meetings,,
APRIN_7,,,,5,Vida social i diversió,Vida social y diversión,Social life and fun,,
APRIN_7,,,,6,Esports i activitats a l'aire lliure,Deportes y actividades al aire libre,Outdoor sport and activities,,
APRIN_7,,,,7,Activitats de lleure i informàtica,Actividades de ocio e informática,Leisure and computer activities,,
APRIN_7,,,,8,Mitjans de comunicació,Medios de comunicación,Media,,
APRIN_7,,,,9,Trajectes i ús del temps no especificat,Trayectos y uso del tiempo no especificado,Travel and unspecified time use,,
APRIN_8,Activitat principal a les 8:00 (a un dígit),Actividad principal a las 8:00 (a un dígito),Main activity at 8:00 (one digit),,,,,,
APRIN_8,,,,0,Cura personal,Cuidado personal,Personal care,,
APRIN_8,,,,1,Treball remunerat,Trabajo remunerado,Paid work,,
APRIN_8,,,,2,Estudis,Estudios,Studying,,
APRIN_8,,,,3,Llar i família,Hogar y familia,Home and family,,
APRIN_8,,,,4,Activitats i reunions de voluntariat,Actividades y reuniones de voluntariado,Volunteer activities and meetings,,
APRIN_8,,,,5,Vida social i diversió,Vida social y diversión,Social life and fun,,
APRIN_8,,,,6,Esports i activitats a l'aire lliure,Deportes y actividades al aire libre,Outdoor sport and activities,,
APRIN_8,,,,7,Activitats de lleure i informàtica,Actividades de ocio e informática,Leisure and computer activities,,
APRIN_8,,,,8,Mitjans de comunicació,Medios de comunicación,Media,,
APRIN_8,,,,9,Trajectes i ús del temps no especificat,Trayectos y uso del tiempo no especificado,Travel and unspecified time use,,
APRIN_9,Activitat principal a les 9:00 (a un dígit),Actividad principal a las 9:00 (a un dígito),Main activity at 9:00 (one digit),,,,,,
APRIN_9,,,,0,Cura personal,Cuidado personal,Personal care,,
APRIN_9,,,,1,Treball remunerat,Trabajo remunerado,Paid work,,
APRIN_9,,,,2,Estudis,Estudios,Studying,,
APRIN_9,7,,,3,Llar i família,Hogar y familia,Home and family,,
APRIN_9,,,,4,Activitats i reunions de voluntariat,Actividades y reuniones de voluntariado,Volunteer activities and meetings,,
APRIN_9,,,,5,Vida social i diversió,Vida social y diversión,Social life and fun,,
APRIN_9,,,,6,Esports i activitats a l'aire lliure,Deportes y actividades al aire libre,Outdoor sport and activities,,
APRIN_9,,,,7,Activitats de lleure i informàtica,Actividades de ocio e informática,Leisure and computer activities,,
APRIN_9,,,,8,Mitjans de comunicació,Medios de comunicación,Media,,
APRIN_9,,,,9,Trajectes i ús del temps no especificat,Trayectos y uso del tiempo no especificado,Travel and unspecified time use,,
APRIN_10,Activitat principal a les 10:00 (a un dígit),Actividad principal a las 10:00 (a un dígito),Main activity at 10:00 (one digit),,,,,,
APRIN_10,,,,0,Cura personal,Cuidado personal,Personal care,,
APRIN_10,,,,1,Treball remunerat,Trabajo remunerado,Paid work,,
APRIN_10,,,,2,Estudis,Estudios,Studying,,
APRIN_10,,,,3,Llar i família,Hogar y familia,Home and family,,
APRIN_10,,,,4,Activitats i reunions de voluntariat,Actividades y reuniones de voluntariado,Volunteer activities and meetings,,
APRIN_10,,,,5,Vida social i diversió,Vida social y diversión,Social life and fun,,
APRIN_10,8,,,6,Esports i activitats a l'aire lliure,Deportes y actividades al aire libre,Outdoor sport and activities,,
APRIN_10,,,,7,Activitats de lleure i informàtica,Actividades de ocio e informática,Leisure and computer activities,,
APRIN_10,,,,8,Mitjans de comunicació,Medios de comunicación,Media,,
APRIN_10,,,,9,Trajectes i ús del temps no especificat,Trayectos y uso del tiempo no especificado,Travel and unspecified time use,,
APRIN_11,Activitat principal a les 11:00 (a un dígit),Actividad principal a las 11:00 (a un dígito),Main activity at 11:00 (one digit),,,,,,
APRIN_11,,,,0,Cura personal,Cuidado personal,Personal care,,
APRIN_11,,,,1,Treball remunerat,Trabajo remunerado,Paid work,,
APRIN_11,,,,2,Estudis,Estudios,Studying,,
APRIN_11,,,,3,Llar i família,Hogar y familia,Home and family,,
APRIN_11,,,,4,Activitats i reunions de voluntariat,Actividades y reuniones de voluntariado,Volunteer activities and meetings,,
APRIN_11,,,,5,Vida social i diversió,Vida social y diversión,Social life and fun,,
APRIN_11,,,,6,Esports i activitats a l'aire lliure,Deportes y actividades al aire libre,Outdoor sport and activities,,
APRIN_11,,,,7,Activitats de lleure i informàtica,Actividades de ocio e informática,Leisure and computer activities,,
APRIN_11,,,,8,Mitjans de comunicació,Medios de comunicación,Media,,
APRIN_11,,,,9,Trajectes i ús del temps no especificat,Trayectos y uso del tiempo no especificado,Travel and unspecified time use,,
APRIN_12,Activitat principal a les 12:00 (a un dígit),Actividad principal a las 12:00 (a un dígito),Main activity at 12:00 (one digit),,,,,,
APRIN_12,,,,0,Cura personal,Cuidado personal,Personal care,,
APRIN_12,,,,1,Treball remunerat,Trabajo remunerado,Paid work,,
APRIN_12,,,,2,Estudis,Estudios,Studying,,
APRIN_12,,,,3,Llar i família,Hogar y familia,Home and family,,
APRIN_12,,,,4,Activitats i reunions de voluntariat,Actividades y reuniones de voluntariado,Volunteer activities and meetings,,
APRIN_12,,,,5,Vida social i diversió,Vida social y diversión,Social life and fun,,
APRIN_12,,,,6,Esports i activitats a l'aire lliure,Deportes y actividades al aire libre,Outdoor sport and activities,,
APRIN_12,,,,7,Activitats de lleure i informàtica,Actividades de ocio e informática,Leisure and computer activities,,
APRIN_12,,,,8,Mitjans de comunicació,Medios de comunicación,Media,,
APRIN_12,,,,9,Trajectes i ús del temps no especificat,Trayectos y uso del tiempo no especificado,Travel and unspecified time use,,
APRIN_13,Activitat principal a les 13:00 (a un dígit),Actividad principal a las 13:00 (a un dígito),Main activity at 13:00 (one digit),,,,,,
APRIN_13,,,,0,Cura personal,Cuidado personal,Personal care,,
APRIN_13,,,,1,Treball remunerat,Trabajo remunerado,Paid work,,
APRIN_13,,,,2,Estudis,Estudios,Studying,,
APRIN_13,,,,3,Llar i família,Hogar y familia,Home and family,,
APRIN_13,,,,4,Activitats i reunions de voluntariat,Actividades y reuniones de voluntariado,Volunteer activities and meetings,,
APRIN_13,,,,5,Vida social i diversió,Vida social y diversión,Social life and fun,,
APRIN_13,,,,6,Esports i activitats a l'aire lliure,Deportes y actividades al aire libre,Outdoor sport and activities,,
APRIN_13,,,,7,Activitats de lleure i informàtica,Actividades de ocio e informática,Leisure and computer activities,,
APRIN_13,,,,8,Mitjans de comunicació,Medios de comunicación,Media,,
APRIN_13,,,,9,Trajectes i ús del temps no especificat,Trayectos y uso del tiempo no especificado,Travel and unspecified time use,,
APRIN_14,Activitat principal a les 14:00 (a un dígit),Actividad principal a las 14:00 (a un dígito),Main activity at 14:00 (one digit),,,,,,
APRIN_14,,,,0,Cura personal,Cuidado personal,Personal care,,
APRIN_14,,,,1,Treball remunerat,Trabajo remunerado,Paid work,,
APRIN_14,,,,2,Estudis,Estudios,Studying,,
APRIN_14,,,,3,Llar i família,Hogar y familia,Home and family,,
APRIN_14,,,,4,Activitats i reunions de voluntariat,Actividades y reuniones de voluntariado,Volunteer activities and meetings,,
APRIN_14,,,,5,Vida social i diversió,Vida social y diversión,Social life and fun,,
APRIN_14,,,,6,Esports i activitats a l'aire lliure,Deportes y actividades al aire libre,Outdoor sport and activities,,
APRIN_14,,,,7,Activitats de lleure i informàtica,Actividades de ocio e informática,Leisure and computer activities,,
APRIN_14,,,,8,Mitjans de comunicació,Medios de comunicación,Media,,
APRIN_14,,,,9,Trajectes i ús del temps no especificat,Trayectos y uso del tiempo no especificado,Travel and unspecified time use,,
APRIN_15,Activitat principal a les 15:00 (a un dígit),Actividad principal a las 15:00 (a un dígito),Main activity at 15:00 (one digit),,,,,,
APRIN_15,,,,0,Cura personal,Cuidado personal,Personal care,,
APRIN_15,,,,1,Treball remunerat,Trabajo remunerado,Paid work,,
APRIN_15,,,,2,Estudis,Estudios,Studying,,
APRIN_15,,,,3,Llar i família,Hogar y familia,Home and family,,
APRIN_15,,,,4,Activitats i reunions de voluntariat,Actividades y reuniones de voluntariado,Volunteer activities and meetings,,
APRIN_15,,,,5,Vida social i diversió,Vida social y diversión,Social life and fun,,
APRIN_15,,,,6,Esports i activitats a l'aire lliure,Deportes y actividades al aire libre,Outdoor sport and activities,,
APRIN_15,,,,7,Activitats de lleure i informàtica,Actividades de ocio e informática,Leisure and computer activities,,
APRIN_15,,,,8,Mitjans de comunicació,Medios de comunicación,Media,,
APRIN_15,,,,9,Trajectes i ús del temps no especificat,Trayectos y uso del tiempo no especificado,Travel and unspecified time use,,
APRIN_16,Activitat principal a les 16:00 (a un dígit),Actividad principal a las 16:00 (a un dígito),Main activity at 16:00 (one digit),,,,,,
APRIN_16,,,,0,Cura personal,Cuidado personal,Personal care,,
APRIN_16,,,,1,Treball remunerat,Trabajo remunerado,Paid work,,
APRIN_16,,,,2,Estudis,Estudios,Studying,,
APRIN_16,,,,3,Llar i família,Hogar y familia,Home and family,,
APRIN_16,,,,4,Activitats i reunions de voluntariat,Actividades y reuniones de voluntariado,Volunteer activities and meetings,,
APRIN_16,,,,5,Vida social i diversió,Vida social y diversión,Social life and fun,,
APRIN_16,,,,6,Esports i activitats a l'aire lliure,Deportes y actividades al aire libre,Outdoor sport and activities,,
APRIN_16,,,,7,Activitats de lleure i informàtica,Actividades de ocio e informática,Leisure and computer activities,,
APRIN_16,,,,8,Mitjans de comunicació,Medios de comunicación,Media,,
APRIN_16,,,,9,Trajectes i ús del temps no especificat,Trayectos y uso del tiempo no especificado,Travel and unspecified time use,,
APRIN_17,Activitat principal a les 17:00 (a un dígit),Actividad principal a las 17:00 (a un dígito),Main activity at 17:00 (one digit),,,,,,
APRIN_17,,,,0,Cura personal,Cuidado personal,Personal care,,
APRIN_17,,,,1,Treball remunerat,Trabajo remunerado,Paid work,,
APRIN_17,,,,2,Estudis,Estudios,Studying,,
APRIN_17,,,,3,Llar i família,Hogar y familia,Home and family,,
APRIN_17,,,,4,Activitats i reunions de voluntariat,Actividades y reuniones de voluntariado,Volunteer activities and meetings,,
APRIN_17,,,,5,Vida social i diversió,Vida social y diversión,Social life and fun,,
APRIN_17,,,,6,Esports i activitats a l'aire lliure,Deportes y actividades al aire libre,Outdoor sport and activities,,
APRIN_17,,,,7,Activitats de lleure i informàtica,Actividades de ocio e informática,Leisure and computer activities,,
APRIN_17,,,,8,Mitjans de comunicació,Medios de comunicación,Media,,
APRIN_17,,,,9,Trajectes i ús del temps no especificat,Trayectos y uso del tiempo no especificado,Travel and unspecified time use,,
APRIN_18,Activitat principal a les 18:00 (a un dígit),Actividad principal a las 18:00 (a un dígito),Main activity at 18:00 (one digit),,,,,,
APRIN_18,,,,0,Cura personal,Cuidado personal,Personal care,,
APRIN_18,,,,1,Treball remunerat,Trabajo remunerado,Paid work,,
APRIN_18,,,,2,Estudis,Estudios,Studying,,
APRIN_18,,,,3,Llar i família,Hogar y familia,Home and family,,
APRIN_18,,,,4,Activitats i reunions de voluntariat,Actividades y reuniones de voluntariado,Volunteer activities and meetings,,
APRIN_18,,,,5,Vida social i diversió,Vida social y diversión,Social life and fun,,
APRIN_18,,,,6,Esports i activitats a l'aire lliure,Deportes y actividades al aire libre,Outdoor sport and activities,,
APRIN_18,,,,7,Activitats de lleure i informàtica,Actividades de ocio e informática,Leisure and computer activities,,
APRIN_18,,,,8,Mitjans de comunicació,Medios de comunicación,Media,,
APRIN_18,,,,9,Trajectes i ús del temps no especificat,Trayectos y uso del tiempo no especificado,Travel and unspecified time use,,
APRIN_19,Activitat principal a les 19:00 (a un dígit),Actividad principal a las 19:00 (a un dígito),Main activity at 19:00 (one digit),,,,,,
APRIN_19,,,,0,Cura personal,Cuidado personal,Personal care,,
APRIN_19,,,,1,Treball remunerat,Trabajo remunerado,Paid work,,
APRIN_19,,,,2,Estudis,Estudios,Studying,,
APRIN_19,,,,3,Llar i família,Hogar y familia,Home and family,,
APRIN_19,,,,4,Activitats i reunions de voluntariat,Actividades y reuniones de voluntariado,Volunteer activities and meetings,,
APRIN_19,,,,5,Vida social i diversió,Vida social y diversión,Social life and fun,,
APRIN_19,,,,6,Esports i activitats a l'aire lliure,Deportes y actividades al aire libre,Outdoor sport and activities,,
APRIN_19,,,,7,Activitats de lleure i informàtica,Actividades de ocio e informática,Leisure and computer activities,,
APRIN_19,,,,8,Mitjans de comunicació,Medios de comunicación,Media,,
APRIN_19,,,,9,Trajectes i ús del temps no especificat,Trayectos y uso del tiempo no especificado,Travel and unspecified time use,,
APRIN_20,Activitat principal a les 20:00 (a un dígit),Actividad principal a las 20:00 (a un dígito),Main activity at 20:00 (one digit),,,,,,
APRIN_20,,,,0,Cura personal,Cuidado personal,Personal care,,
APRIN_20,,,,1,Treball remunerat,Trabajo remunerado,Paid work,,
APRIN_20,,,,2,Estudis,Estudios,Studying,,
APRIN_20,,,,3,Llar i família,Hogar y familia,Home and family,,
APRIN_20,,,,4,Activitats i reunions de voluntariat,Actividades y reuniones de voluntariado,Volunteer activities and meetings,,
APRIN_20,,,,5,Vida social i diversió,Vida social y diversión,Social life and fun,,
APRIN_20,,,,6,Esports i activitats a l'aire lliure,Deportes y actividades al aire libre,Outdoor sport and activities,,
APRIN_20,,,,7,Activitats de lleure i informàtica,Actividades de ocio e informática,Leisure and computer activities,,
APRIN_20,,,,8,Mitjans de comunicació,Medios de comunicación,Media,,
APRIN_20,,,,9,Trajectes i ús del temps no especificat,Trayectos y uso del tiempo no especificado,Travel and unspecified time use,,
APRIN_21,Activitat principal a les 21:00 (a un dígit),Actividad principal a las 21:00 (a un dígito),Main activity at 21:00 (one digit),,,,,,
APRIN_21,,,,0,Cura personal,Cuidado personal,Personal care,,
APRIN_21,,,,1,Treball remunerat,Trabajo remunerado,Paid work,,
APRIN_21,,,,2,Estudis,Estudios,Studying,,
APRIN_21,,,,3,Llar i família,Hogar y familia,Home and family,,
APRIN_21,,,,4,Activitats i reunions de voluntariat,Actividades y reuniones de voluntariado,Volunteer activities and meetings,,
APRIN_21,,,,5,Vida social i diversió,Vida social y diversión,Social life and fun,,
APRIN_21,,,,6,Esports i activitats a l'aire lliure,Deportes y actividades al aire libre,Outdoor sport and activities,,
APRIN_21,,,,7,Activitats de lleure i informàtica,Actividades de ocio e informática,Leisure and computer activities,,
APRIN_21,,,,8,Mitjans de comunicació,Medios de comunicación,Media,,
APRIN_21,,,,9,Trajectes i ús del temps no especificat,Trayectos y uso del tiempo no especificado,Travel and unspecified time use,,
APRIN_22,Activitat principal a les 22:00 (a un dígit),Actividad principal a las 22:00 (a un dígito),Main activity at 22:00 (one digit),,,,,,
APRIN_22,,,,0,Cura personal,Cuidado personal,Personal care,,
APRIN_22,,,,1,Treball remunerat,Trabajo remunerado,Paid work,,
APRIN_22,,,,2,Estudis,Estudios,Studying,,
APRIN_22,,,,3,Llar i família,Hogar y familia,Home and family,,
APRIN_22,,,,4,Activitats i reunions de voluntariat,Actividades y reuniones de voluntariado,Volunteer activities and meetings,,
APRIN_22,,,,5,Vida social i diversió,Vida social y diversión,Social life and fun,,
APRIN_22,,,,6,Esports i activitats a l'aire lliure,Deportes y actividades al aire libre,Outdoor sport and activities,,
APRIN_22,,,,7,Activitats de lleure i informàtica,Actividades de ocio e informática,Leisure and computer activities,,
APRIN_22,,,,8,Mitjans de comunicació,Medios de comunicación,Media,,
APRIN_22,,,,9,Trajectes i ús del temps no especificat,Trayectos y uso del tiempo no especificado,Travel and unspecified time use,,
APRIN_23,Activitat principal a les 23:00 (a un dígit),Actividad principal a las 23:00 (a un dígito),Main activity at 23:00 (one digit),,,,,,
APRIN_23,,,,0,Cura personal,Cuidado personal,Personal care,,
APRIN_23,,,,1,Treball remunerat,Trabajo remunerado,Paid work,,
APRIN_23,,,,2,Estudis,Estudios,Studying,,
APRIN_23,,,,3,Llar i família,Hogar y familia,Home and family,,
APRIN_23,,,,4,Activitats i reunions de voluntariat,Actividades y reuniones de voluntariado,Volunteer activities and meetings,,
APRIN_23,,,,5,Vida social i diversió,Vida social y diversión,Social life and fun,,
APRIN_23,,,,6,Esports i activitats a l'aire lliure,Deportes y actividades al aire libre,Outdoor sport and activities,,
APRIN_23,,,,7,Activitats de lleure i informàtica,Actividades de ocio e informática,Leisure and computer activities,,
APRIN_23,,,,8,Mitjans de comunicació,Medios de comunicación,Media,,
APRIN_23,,,,9,Trajectes i ús del temps no especificat,Trayectos y uso del tiempo no especificado,Travel and unspecified time use,,
APRIN_24,Activitat principal a les 24:00 (a un dígit),Actividad principal a las 24:00 (a un dígito),Main activity at 24:00 (one digit),,,,,,
APRIN_24,,,,0,Cura personal,Cuidado personal,Personal care,,
APRIN_24,,,,1,Treball remunerat,Trabajo remunerado,Paid work,,
APRIN_24,,,,2,Estudis,Estudios,Studying,,
APRIN_24,,,,3,Llar i família,Hogar y familia,Home and family,,
APRIN_24,,,,4,Activitats i reunions de voluntariat,Actividades y reuniones de voluntariado,Volunteer activities and meetings,,
APRIN_24,,,,5,Vida social i diversió,Vida social y diversión,Social life and fun,,
APRIN_24,,,,6,Esports i activitats a l'aire lliure,Deportes y actividades al aire libre,Outdoor sport and activities,,
APRIN_24,,,,7,Activitats de lleure i informàtica,Actividades de ocio e informática,Leisure and computer activities,,
APRIN_24,,,,8,Mitjans de comunicació,Medios de comunicación,Media,,
APRIN_24,,,,9,Trajectes i ús del temps no especificat,Trayectos y uso del tiempo no especificado,Travel and unspecified time use,,
APRIN_1,Activitat principal a les 1:00 (a un dígit),Actividad principal a las 1:00 (a un dígito),Main activity at 1:00 (one digit),,,,,,
APRIN_1,,,,0,Cura personal,Cuidado personal,Personal care,,
APRIN_1,,,,1,Treball remunerat,Trabajo remunerado,Paid work,,
APRIN_1,,,,2,Estudis,Estudios,Studying,,
APRIN_1,,,,3,Llar i família,Hogar y familia,Home and family,,
APRIN_1,,,,4,Activitats i reunions de voluntariat,Actividades y reuniones de voluntariado,Volunteer activities and meetings,,
APRIN_1,,,,5,Vida social i diversió,Vida social y diversión,Social life and fun,,
APRIN_1,,,,6,Esports i activitats a l'aire lliure,Deportes y actividades al aire libre,Outdoor sport and activities,,
APRIN_1,,,,7,Activitats de lleure i informàtica,Actividades de ocio e informática,Leisure and computer activities,,
APRIN_1,,,,8,Mitjans de comunicació,Medios de comunicación,Media,,
APRIN_1,,,,9,Trajectes i ús del temps no especificat,Trayectos y uso del tiempo no especificado,Travel and unspecified time use,,
APRIN_2,Activitat principal a les 2:00 (a un dígit),Actividad principal a las 2:00 (a un dígito),Main activity at 2:00 (one digit),,,,,,
APRIN_2,,,,0,Cura personal,Cuidado personal,Personal care,,
APRIN_2,,,,1,Treball remunerat,Trabajo remunerado,Paid work,,
APRIN_2,,,,2,Estudis,Estudios,Studying,,
APRIN_2,,,,3,Llar i família,Hogar y familia,Home and family,,
APRIN_2,,,,4,Activitats i reunions de voluntariat,Actividades y reuniones de voluntariado,Volunteer activities and meetings,,
APRIN_2,,,,5,Vida social i diversió,Vida social y diversión,Social life and fun,,
APRIN_2,,,,6,Esports i activitats a l'aire lliure,Deportes y actividades al aire libre,Outdoor sport and activities,,
APRIN_2,,,,7,Activitats de lleure i informàtica,Actividades de ocio e informática,Leisure and computer activities,,
APRIN_2,,,,8,Mitjans de comunicació,Medios de comunicación,Media,,
APRIN_2,,,,9,Trajectes i ús del temps no especificat,Trayectos y uso del tiempo no especificado,Travel and unspecified time use,,
APRIN_3,Activitat principal a les 3:00 (a un dígit),Actividad principal a las 3:00 (a un dígito),Main activity at 3:00 (one digit),,,,,,
APRIN_3,,,,0,Cura personal,Cuidado personal,Personal care,,
APRIN_3,,,,1,Treball remunerat,Trabajo remunerado,Paid work,,
APRIN_3,,,,2,Estudis,Estudios,Studying,,
APRIN_3,,,,3,Llar i família,Hogar y familia,Home and family,,
APRIN_3,,,,4,Activitats i reunions de voluntariat,Actividades y reuniones de voluntariado,Volunteer activities and meetings,,
APRIN_3,,,,5,Vida social i diversió,Vida social y diversión,Social life and fun,,
APRIN_3,,,,6,Esports i activitats a l'aire lliure,Deportes y actividades al aire libre,Outdoor sport and activities,,
APRIN_3,,,,7,Activitats de lleure i informàtica,Actividades de ocio e informática,Leisure and computer activities,,
APRIN_3,,,,8,Mitjans de comunicació,Medios de comunicación,Media,,
APRIN_3,,,,9,Trajectes i ús del temps no especificat,Trayectos y uso del tiempo no especificado,Travel and unspecified time use,,
APRIN_4,Activitat principal a les 4:00 (a un dígit),Actividad principal a las 4:00 (a un dígito),Main activity at 4:00 (one digit),,,,,,
APRIN_4,,,,0,Cura personal,Cuidado personal,Personal care,,
APRIN_4,,,,1,Treball remunerat,Trabajo remunerado,Paid work,,
APRIN_4,,,,2,Estudis,Estudios,Studying,,
APRIN_4,,,,3,Llar i família,Hogar y familia,Home and family,,
APRIN_4,,,,4,Activitats i reunions de voluntariat,Actividades y reuniones de voluntariado,Volunteer activities and meetings,,
APRIN_4,,,,5,Vida social i diversió,Vida social y diversión,Social life and fun,,
APRIN_4,,,,6,Esports i activitats a l'aire lliure,Deportes y actividades al aire libre,Outdoor sport and activities,,
APRIN_4,,,,7,Activitats de lleure i informàtica,Actividades de ocio e informática,Leisure and computer activities,,
APRIN_4,,,,8,Mitjans de comunicació,Medios de comunicación,Media,,
APRIN_4,,,,9,Trajectes i ús del temps no especificat,Trayectos y uso del tiempo no especificado,Travel and unspecified time use,,
APRIN_5,Activitat principal a les 5:00 (a un dígit),Actividad principal a las 5:00 (a un dígito),Main activity at 5:00 (one digit),,,,,,
APRIN_5,,,,0,Cura personal,Cuidado personal,Personal care,,
APRIN_5,,,,1,Treball remunerat,Trabajo remunerado,Paid work,,
APRIN_5,,,,2,Estudis,Estudios,Studying,,
APRIN_5,,,,3,Llar i família,Hogar y familia,Home and family,,
APRIN_5,,,,4,Activitats i reunions de voluntariat,Actividades y reuniones de voluntariado,Volunteer activities and meetings,,
APRIN_5,,,,5,Vida social i diversió,Vida social y diversión,Social life and fun,,
APRIN_5,,,,6,Esports i activitats a l'aire lliure,Deportes y actividades al aire libre,Outdoor sport and activities,,
APRIN_5,,,,7,Activitats de lleure i informàtica,Actividades de ocio e informática,Leisure and computer activities,,
APRIN_5,,,,8,Mitjans de comunicació,Medios de comunicación,Media,,
APRIN_5,,,,9,Trajectes i ús del temps no especificat,Trayectos y uso del tiempo no especificado,Travel and unspecified time use,,
DIM_MUN,Grandària municipal,Tamaño municipal,Size of municipality,,,,,,
DIM_MUN,,,,1,Menys de 20.000 habitants,Menos de 20.000 habitantes,Less than 20,000 inhabitants,
DIM_MUN,,,,2,De 20.000 a 100.000 habitants,De 20.000 a 100.000 habitantes,From 20,000 to 100,000 inhabitants
DIM_MUN,,,,3,Més de 100.000 habitants,Más de 100.000 habitantes,More than 100,000 inhabitants,
SECTORSACTIVITATS,Sectors activitats,Sectores actividades,Sectors of activity,,,,,,
SECTORSACTIVITATS,,,,1,Agricultura,Agricultura,Agriculture,,
SECTORSACTIVITATS,,,,2,Indústria,Industria,Industry,,
SECTORSACTIVITATS,,,,3,Construcció,Construcción,Construction,,
SECTORSACTIVITATS,,,,4,Seveis,Servicios,Services,,
SECTORSACTIVITATS,,,,99,No hi consta,No consta,N/A,,
