addresses_roadtype_name;addresses_end_street_number;geo_epgs_4326_lon;values_attribute_name;estimated_dates;addresses_road_name;values_category;addresses_zip_code;secondary_filters_id;values_value;addresses_town;secondary_filters_name;timetable;secondary_filters_tree;start_date;addresses_district_name;end_date;geo_epgs_25831_x;addresses_start_street_number;register_id;institution_id;addresses_main_address;addresses_district_id;addresses_roadtype_id;addresses_type;addresses_neighborhood_id;_id;name;addresses_road_id;created;geo_epgs_25831_y;institution_name;modified;secondary_filters_asia_id;secondary_filters_fullpath;geo_epgs_4326_lat;values_description;values_id;addresses_neighborhood_name;values_outstanding;values_attribute_id
;61;2.1466644269033046;Tel.;;Carrer de Laforja;Telèfons;8021;NULL;671157673;Barcelona;;;NULL;;Sarrià-Sant Gervasi;;428665.359;61;﻿99400637457;NULL;True;5;;;26;1;Florster Barcelona;175900;2019-09-23T12:54:24;4583198.843;;2024-06-10T11:42:18.857657;NULL;;41.39716394444067;;233424;Sant Gervasi - Galvany;True;20001
;NULL;2.1198884386188213;Tel.;;C Major de Sarrià;Telèfons;8017;NULL;932053116;BARCELONA;;;NULL;;Sarrià-Sant Gervasi;;426432.2656854191;174;﻿75990086237;NULL;True;5;;;23;2;Clínica Veterinària Delphis;206505;1996-09-18T00:00:00;4583739.909855923;;2023-10-03T10:43:07.588542;NULL;;41.40183589113448;;140721;Sarrià;True;20001
;NULL;2.1296659137585396;Tel.;;Fígols;Telèfons;8028;NULL;933309762;BARCELONA;;;NULL;;Les Corts;;427228.2464129146;23;﻿75990055218;NULL;True;4;;;19;3;Clínica Veterinaria Dogs;125006;1996-09-18T00:00:00;4581609.370813996;;2023-10-03T10:44:33.234395;NULL;;41.38271945689916;;137984;les Corts;True;20001
;NULL;2.1110624879700417;Centraleta;;Carrer dels Cavallers;Telèfons;8034;NULL;932858400;Barcelona;;;NULL;;Les Corts;;425681.33826269134;37;﻿75990033127;NULL;True;4;;;21;4;Ars Veterinària;52707;1996-09-17T00:00:00;4582464.170136324;;2026-04-30T14:03:32.352064;NULL;;41.390276839970724;;136514;Pedralbes;True;20003
;NULL;2.163378925460572;Tel.;;C Margarit;Telèfons;8004;NULL;934424854;BARCELONA;;;NULL;;Sants-Montjuïc;;430037.0443295818;34;﻿99400286024;NULL;True;3;;;11;5;SA Veterinaris;195500;2012-01-31T17:54:08;4580535.901885119;;2016-03-21T17:09:09;NULL;;41.3733002204874;;224660;el Poble-sec;True;20001
;NULL;2.188588864577633;Tel.;;València;Telèfons;8026;NULL;933405554;BARCELONA;;;NULL;;Sant Martí;;432185.3145794611;637;﻿75990288453;NULL;True;10;;;65;6;Clot Veterinària;350308;1996-09-18T00:00:00;4584793.14278782;;2023-10-03T10:39:37.622188;NULL;;41.411827876732325;;149773;el Clot;True;20001
;NULL;2.136497984407104;Tel.;;Santa Caterina;Telèfons;8014;NULL;934901285;BARCELONA;;;NULL;;Sants-Montjuïc;;427795.2529934536;19;﻿75990288454;NULL;True;3;;;18;7;Centre Veterinari Santa Catalina;313301;1996-09-18T00:00:00;4581176.811157357;;2023-10-03T10:39:37.547335;NULL;;41.37887464485312;;149774;Sants;True;20001
;NULL;2.1394485475119573;;;Pl Wagner;;8021;NULL;;BARCELONA;;;NULL;;Sarrià-Sant Gervasi;;428057.2291183558;1;﻿92086026115;NULL;True;5;;;26;8;Àrea per a Gossos  *Plaça Wagner;367752;1988-03-15T00:00:00;4582710.238249476;;2022-12-16T12:06:54.660165;NULL;;41.39270909917788;;NULL;Sant Gervasi - Galvany;;NULL
;NULL;2.151902119737751;Tel.;;Rbla Prat;Telèfons;8012;NULL;932380348;BARCELONA;;;NULL;;Gràcia;;429107.71571015014;17;﻿75990081325;NULL;True;6;;;31;9;Clínica Veterinària Marin;265708;1996-09-18T00:00:00;4583654.977255718;;2023-10-03T10:44:49.817870;NULL;;41.40131129392689;;141014;la Vila de Gràcia;True;20001
;NULL;2.1485509758199597;;;C Torrent del Remei;;8023;NULL;;BARCELONA;;;NULL;;Gràcia;;428843.9939190839;12;﻿99400364538;NULL;True;6;;;29;10;Àrea per a Gossos Torrent del Remei *Park Güell Forestal;340905;2014-11-28T09:42:00;4585326.311903539;;2022-12-16T12:06:50.992543;NULL;;41.41634104201119;;NULL;el Coll;;NULL
;NULL;2.1798350402565396;Tel.;;Pl Doctor Modrego;Telèfons;8027;NULL;933 52 80 56;BARCELONA;;;NULL;;Sant Andreu;;431467.91724009655;4;﻿75990355405;NULL;True;9;;;62;11;Centre Veterinari Tot Animals;102907;1996-09-18T00:00:00;4586301.59893927;;2023-10-03T10:39:15.248935;NULL;;41.42535317337432;;151962;el Congrés i els Indians;True;20001
;NULL;2.1367013654278004;Tel.;;C Comtes de Bell-lloc;Telèfons;8014;NULL;934905897;BARCELONA;;;NULL;;Sants-Montjuïc;;427815.3227323687;130;﻿75990042032;NULL;True;3;;;18;12;Consultori Veterinari De Veterinària;88001;1996-09-18T00:00:00;4581484.153161927;;2023-10-03T10:44:59.023907;NULL;;41.38164455751853;;137826;Sants;True;20001
;3;2.19122910403462;;;Passeig de Salvat Papasseit;;8003;NULL;;Barcelona;;;NULL;;Ciutat Vella;;432376.09;3;﻿99400291712;96269141552;True;1;;;3;13;Àrea d'Esbarjo per a Gossos;294874;2012-04-26T00:00:00;4581589.408;Parc de la Barceloneta;2023-10-31T10:16:59.374869;NULL;;41.38298882245804;;NULL;la Barceloneta;;NULL
;NULL;2.1533099998848826;;;C Llobregós;;8032;NULL;;BARCELONA;;;NULL;;Horta-Guinardó;;429248.54184461245;201;﻿99400344534;99146140904;True;7;;;37;14;Àrea  per a Gossos;185700;2014-06-06T00:00:00;4586021.019216916;Jardins Jaume Planas i Alemany;2023-06-01T13:31:38.103116;NULL;;41.422633709424716;;NULL;el Carmel;;NULL
;NULL;2.1361759627297014;Tel.;;C Vallespir;Telèfons;8014;NULL;934912367;BARCELONA;;;NULL;;Sants-Montjuïc;;427770.2891938255;77;﻿99400147751;NULL;True;3;;;18;15;Centre Veterinari Salus Veterinaria;352904;2005-11-21T12:02:26;4581374.0712267;;2023-01-16T18:02:09.458171;NULL;;41.380649050302175;;214714;Sants;True;20001
;NULL;2.1662519163732252;Tel.;;Romans;Telèfons;8025;NULL;932196012;BARCELONA;;;NULL;;Gràcia;;430314.77382261667;42;﻿96107131126;NULL;True;6;;;32;16;Castelar Castelar;287609;1996-04-16T00:00:00;4584427.91396879;;2025-04-15T16:43:39.875675;NULL;;41.40837838681417;;190809;el Camp d'en Grassot i Gràcia Nova;True;20001
;NULL;2.15799918120041;Tel.;;G.V. Corts Catalanes;Telèfons;8015;NULL;934530263;BARCELONA;;;NULL;;Eixample;;429595.8774311465;506;﻿96107141445;NULL;True;2;;;10;17;M. Luera Carbo;169409;1996-04-16T00:00:00;4581438.033987552;;2025-04-15T16:43:39.881345;NULL;;41.38138695644468;;190814;Sant Antoni;True;20001
;NULL;2.14070989339698;Tel.;;Av Sarrià;Telèfons;8029;NULL;933217099;BARCELONA;;;NULL;;Les Corts;;428160.90814910963;60;﻿96107142305;NULL;True;4;;;19;18;J.M. Montañes Altura;320704;1996-04-16T00:00:00;4582530.564024484;;2025-04-15T16:43:39.887195;NULL;;41.39110011135435;;190815;les Corts;True;20001
;NULL;2.2076132884355637;Tel.;;G.V. Corts Catalanes;Telèfons;8020;NULL;933148312;BARCELONA;;;NULL;;Sant Martí;;433781.6519416878;1158;﻿96107144106;NULL;True;10;;;71;19;Zoolandia;169409;1996-04-16T00:00:00;4585470.805497534;;2025-04-15T16:43:46.361803;NULL;;41.418064506368005;;190821;Provençals del Poblenou;True;20001
;134;2.164151657814647;Tel.;;Carrer de l'Encarnació;Telèfons;8025;NULL;932191050;Barcelona;;;NULL;;Gràcia;;430139.79098894;132;﻿124112141;NULL;True;6;;;32;20;Centre Veterinari Taxdirt;109203;2000-05-03T00:00:00;4584487.61465712;;2021-05-18T12:25:57.963794;NULL;;41.408900900423696;;129516;el Camp d'en Grassot i Gràcia Nova;True;20001
;45;2.116919660567984;;;Carrer del Cardenal Reig;;8028;NULL;;Barcelona;;;NULL;;Les Corts;;426158.183;45;﻿99400344548;99400072463;False;4;;;20;21;Àrea per a Gossos;65200;2014-06-06T00:00:00;4581198.861;Jardins de Josep Munté;2023-06-01T13:31:50.282537;NULL;;41.37892467163674;;NULL;la Maternitat i Sant Ramon;;NULL
;NULL;2.2078452555244152;;;C Ramon Turró;;8005;NULL;;BARCELONA;;;NULL;;Sant Martí;;433786.5242065595;267;﻿99400344567;99361132137;True;10;;;68;22;Àrea per a Gossos;110009;2014-06-06T00:00:00;4583883.7599727735;Jardins de Gandhi;2023-06-01T13:31:59.744855;NULL;;41.40377081522657;;NULL;el Poblenou;;NULL
;81;2.140731723997688;;;Carrer de Robrenyo;;8029;NULL;;Barcelona;;;NULL;;Sants-Montjuïc;;428153.641;81;﻿99400344578;96261095328;True;3;;;18;23;Àrea per a Gossos;285104;2014-06-06T00:00:00;4581613.61;Jardins de Màlaga;2024-07-19T13:45:51.137270;NULL;;41.382840808873816;;NULL;Sants;;NULL
;NULL;2.181049883078466;;;C Juan de Garay;;8041;NULL;;BARCELONA;;;NULL;;Sant Andreu;;431561.44650389464;10;﻿99400344584;NULL;True;9;;;63;24;Àrea per a Gossos *Pg Maragall -Trinxant - Juan de Garay;172200;2014-06-06T15:45:17;4585456.555194593;;2022-12-16T12:06:51.299756;NULL;;41.41775012907441;;NULL;Navas;;NULL
;NULL;2.2022588836665173;Tel.;;Ramon Turró;Telèfons;8005;NULL;934853290;BARCELONA;;;NULL;;Sant Martí;;433315.2458774474;181;﻿75990050756;NULL;True;10;;;68;25;Centre Veterinari;110009;1996-09-18T00:00:00;4583417.935423573;;2023-10-03T10:44:42.362189;NULL;;41.39953630443832;;137614;el Poblenou;True;20001
;NULL;2.1547185133421882;Tel.;;Enric Granados;Telèfons;8008;NULL;932182983;BARCELONA;;;NULL;;Eixample;;429334.6706878664;121;﻿75990051108;NULL;True;2;;;8;26;Dr. Román Luera;110304;1996-09-18T00:00:00;4582784.658792814;;2023-10-03T10:19:18.575542;NULL;;41.39349263416701;;137632;l'Antiga Esquerra de l'Eixample;True;20001
;NULL;2.1900922256027453;;;Carrer del Torrent de Perera;;8033;NULL;;Barcelona;;;NULL;;Sant Andreu;;432355.69020175433;1;﻿99400591116;NULL;True;9;;;57;27;Àrea per a Gossos *Torrent Parera - N152;340701;2018-05-04T11:16:27;4589573.389761301;;2022-12-16T12:06:50.525116;NULL;;41.45489628276675;;NULL;la Trinitat Vella;;NULL
;NULL;2.195210401532787;;;Pl Voluntaris Olímpics;;8005;NULL;;BARCELONA;;;NULL;;Sant Martí;;432712.3790283837;NULL;﻿99400591162;NULL;True;10;;;67;28;Àrea d'Esbarjo per a Gossos *Parc Nova Icària;700884;2018-05-04T12:58:34;4581952.127605027;;2023-06-01T13:36:32.635841;NULL;;41.38628394171886;;NULL;la Vila Olímpica del Poblenou;;NULL
;9;2.1446854426483557;;;Carrer de Coll i Alentorn;;8035;NULL;;Barcelona;;;NULL;;Horta-Guinardó;;428529.716;5;﻿99400591181;97209125302;True;7;;;38;29;Àrea d'Esbarjo per a Gossos;700823;2018-05-04T13:58:28;4586217.392;Parc de la Vall d'Hebron;2022-11-29T15:46:07.050191;NULL;;41.42433873077027;;NULL;la Teixonera;;NULL
;NULL;2.1358730017106744;Tel.;;C Foneria;Telèfons;8038;NULL;934885136;BARCELONA;;;NULL;;Sants-Montjuïc;;427721.57617137337;1;﻿99400470064;NULL;True;3;;;13;30;Centre Veterinari Corvet;137300;2016-11-22T11:18:44;4579028.9431131035;;2022-11-21T12:05:45.696770;NULL;;41.35952297124152;;228970;la Marina de Port;True;20001
;NULL;2.18822498637201;Centraleta;;C Agustí i Milà;Telèfons;8030;NULL;933457066;BARCELONA;;;NULL;;Sant Andreu;;432182.0480279004;17;﻿75990013839;NULL;True;9;;;60;31;Assistència Veterinària Sant Andreu;4205;1996-09-17T00:00:00;4587688.98356534;;2023-10-03T10:45:43.452805;NULL;;41.437909473804304;;134977;Sant Andreu;True;20003
;NULL;2.179803090613063;Tel.;;Xiprer;Telèfons;8026;NULL;934365888;BARCELONA;;;NULL;;Horta-Guinardó;;431458.1384878269;53;﻿75990294352;NULL;True;7;;;35;32;Clínica Maragall Exòtics;79102;1996-09-18T00:00:00;4585551.054252518;;2023-10-03T10:40:27.450728;NULL;;41.41859244437264;;149996;el Guinardó;True;20001
;NULL;2.187244178098702;Tel.;;Av Meridiana;Telèfons;8027;NULL;933518457;BARCELONA;;;NULL;;Sant Andreu;;432080.9394207916;262;﻿75990275259;NULL;True;9;;;63;33;Clínica Veterinaria La Sagrera;209900;1996-09-18T00:00:00;4585647.698436079;;2023-10-03T10:40:04.022272;NULL;;41.419515771323994;;148504;Navas;True;20001
;NULL;2.184781269821971;Tel.;;Flor de Neu;Telèfons;8016;NULL;933549988;BARCELONA;;;NULL;;Nou Barris;;431901.43859812035;30;﻿75990271233;NULL;True;8;;;52;34;Centre Veterinari Gat i Gos;127205;1996-09-18T00:00:00;4588444.605149108;;2023-10-03T10:41:00.273733;NULL;;41.44469133150558;;148738;la Prosperitat;True;20001
;NULL;2.1405112526335617;Tel.;;Muntaner;Telèfons;8021;NULL;932014286;BARCELONA;;;NULL;;Sarrià-Sant Gervasi;;428154.9699771784;431;﻿75990429947;NULL;True;5;;;26;35;Hospital Veterinari Muntaner;223606;1997-03-09T00:00:00;4583606.1995303985;;2023-10-03T10:38:41.265362;NULL;;41.40078740215162;;153090;Sant Gervasi - Galvany;True;20001
;NULL;2.176338125163872;Tel.;;Desfar;Telèfons;8016;NULL;933522095;BARCELONA;;;NULL;;Nou Barris;;431181.4898961138;39;﻿75990334809;NULL;True;8;;;45;36;Centro Veterinario Desfar;99303;1996-09-18T00:00:00;4586911.305939835;;2023-10-03T10:41:29.050587;NULL;;41.430820095645004;;150323;Porta;True;20001
;NULL;2.1554756596016875;Tel.;;C Cardener;Telèfons;8024;NULL;935 125 476;BARCELONA;;;NULL;;Gràcia;;429414.9525423916;28;﻿99400565332;NULL;True;6;;;31;37;Veterinaria Barna Baires;66100;2017-12-05T14:14:50;4584526.255823291;;2022-09-21T09:51:30.587889;NULL;;41.40918560248385;;231203;la Vila de Gràcia;True;20001
;NULL;2.172490000040135;Tel.;;C Lorena;Telèfons;8042;NULL;692060858;BARCELONA;;;NULL;;Nou Barris;;430867.08979415905;65;﻿99400395359;NULL;True;8;;;48;38;Associació d'Acció Social DISCAN;180751;2015-09-01T14:56:21;4587659.363587814;;2025-01-08T11:59:46.742285;NULL;;41.43753056393972;;227470;la Guineueta;True;20001
;9999;2.1756622478486927;;;Plaça de Tetuan;;8010;NULL;;Barcelona;;;NULL;;Eixample;;431087.1978269327;9999;﻿99400722485;NULL;True;2;;;7;39;Espai per a gossos deslligats a la Plaça de Tetuan;335100;2023-10-30T15:33:07.994229;4582938.098415496;;2026-03-24T14:55:40.840807;NULL;;41.39502669625612;;NULL;la Dreta de l'Eixample;;NULL
;20;2.164677229185503;;;Carrer del Marquès de Campo Sagrado;;8015;NULL;;Barcelona;;;NULL;;Eixample;;430148.646;20;﻿99400722505;NULL;True;2;;;10;40;Espai per a gossos deslligats al carrer del Marquès de Campo Sagrado;198407;2023-10-31T09:44:11.148794;4580849.181;;2026-03-24T14:55:39.669163;NULL;;41.37613152293607;;NULL;Sant Antoni;;NULL
;4;2.150631796934587;;;Carrer d'Olot;;8024;NULL;;Barcelona;;;NULL;;Gràcia;;429016.90491675487;2;﻿99400721581;NULL;True;6;;;30;41;Espai per a gossos deslligats al Park Güell Forestal;234908;2023-10-08T18:24:04.310232;4585224.082485453;;2026-03-24T14:55:43.492084;NULL;;41.41543559529447;;NULL;la Salut;;NULL
;1;2.1574680645500326;;;Plaça de Margarida Xirgu;;8004;NULL;;Barcelona;;;NULL;;Sants-Montjuïc;;429540.2324475682;1;﻿99400722510;NULL;True;3;;;11;42;Espai per a gossos deslligats a la Plaça Margarida Xirgu;700685;2023-10-31T10:06:16.067695;4580282.670666677;;2026-03-24T14:55:38.997477;NULL;;41.37097610604312;;NULL;el Poble-sec;;NULL
;NULL;2.166926362658947;;;C Thous;;8024;NULL;;BARCELONA;;;NULL;;Horta-Guinardó;;430377.443078555;9;﻿99400369661;99298123646;True;7;;;33;43;Àrea per a Gossos;335406;2015-01-28T00:00:00;4585082.177602606;Jardins Hiroshima;2022-12-16T12:06:50.851895;NULL;;41.41427653406478;;NULL;el Baix Guinardó;;NULL
;5;2.126861501175222;;;Passatge de Rosa Leveroni;;8034;NULL;;Barcelona;;;NULL;;Les Corts;;427002.534;1;﻿99400369663;99400345117;True;4;;;21;44;Àrea per a Gossos;134357;2015-01-28T00:00:00;4582482.804;Jardins Emília Miret i Soler;2022-12-16T12:06:50.727347;NULL;;41.39056565892005;;NULL;Pedralbes;;NULL
;NULL;2.179946210051214;Tel.;;Enric Casanovas;Telèfons;8016;NULL;933547501;BARCELONA;;;NULL;;Nou Barris;;431493.84163116105;70;﻿75990035742;NULL;True;8;;;52;45;Clínica Veterinària Verdun;70709;1996-09-17T00:00:00;4588057.748834682;;2023-10-03T10:45:02.869808;NULL;;41.441172385309876;;136317;la Prosperitat;True;20001
;NULL;2.1602135367611432;Tel.;;Balmes;Telèfons;8008;NULL;934539879;BARCELONA;;;NULL;;Eixample;;429791.2253128115;81;﻿75990022989;NULL;True;2;;;8;46;Centre Mèdic Veterinari de Barcelona;32700;1996-09-17T00:00:00;4582487.970782512;;2023-10-03T10:19:06.007547;NULL;;41.390860454236645;;136591;l'Antiga Esquerra de l'Eixample;True;20001
;99;2.177280198558992;;;Via Júlia;;8042;NULL;;Barcelona;;;NULL;;Nou Barris;;431272.25;99;﻿99400722833;NULL;True;8;;;51;47;Espai per a gossos deslligats a la Plaça de Francesc Layret;174307;2023-11-06T11:51:21.739006;4588178.25;;2026-03-24T14:55:30.177075;NULL;;41.44223875528328;;NULL;Verdun;;NULL
;1;2.2013092901698545;;;Plaça de Pilar Miró;;8030;NULL;;Barcelona;;;NULL;;Sant Andreu;;433285.25;1;﻿99400722857;NULL;True;9;;;58;48;Espai per a gossos deslligats a la Plaça de Pilar Miró;701631;2023-11-06T12:35:20.809272;4588772.75;;2026-03-24T14:55:28.751879;NULL;;41.44776301322168;;NULL;Baró de Viver;;NULL
;95;2.2012430127037885;Tel.;;Carrer de Bilbao;Telèfons;8005;NULL;93 266 24 33;Barcelona;;;NULL;;Sant Martí;;433235.286;93;﻿99400701230;NULL;True;10;;;68;49;Centro Veterinario Dinky's;42306;2022-11-21T09:01:52.264352;4583956.607;;2023-10-03T10:36:40.121839;NULL;;41.40438133909976;;476227;el Poblenou;True;20001
;63;2.1903145374006483;;;Carrer dels Escultors Claperós;;8018;NULL;;Barcelona;;;NULL;;Sant Martí;;432325.5;55;﻿99400722887;92086017160;True;10;;;65;50;Espai per a gossos deslligats al Parc del Clot;113506;2023-11-06T13:39:08.850197;4584359.5;Parc del Clot;2026-03-24T14:55:26.693967;NULL;;41.40793400474147;;NULL;el Clot;;NULL
;280;2.1946098178716884;;;Carrer de Lope de Vega;;8018;NULL;;Barcelona;;;NULL;;Sant Martí;;432688.5;258;﻿99400722890;99133092609;True;10;;;65;51;Espai per a gossos deslligats als Jardins del Clot de la Mel;180401;2023-11-06T13:43:51.035895;4584785.5;Jardins del Clot de la Mel;2026-03-24T14:55:26.560644;NULL;;41.41180133989502;;NULL;el Clot;;NULL
;1;2.188797606734808;;;Plaça de Santiago Pey;;8018;NULL;;Barcelona;;;NULL;;Sant Martí;;432193.6;1;﻿99400722893;NULL;True;10;;;66;52;Espai per a gossos deslligats a la Plaça de Santiago Pey;701817;2023-11-06T13:47:02.329543;4583814.8;;2026-03-24T14:55:26.402265;NULL;;41.403016940791545;;NULL;el Parc i la Llacuna del Poblenou;;NULL
;NULL;2.1852809514836546;;;Plaça de les Glòries Catalanes;;8018;NULL;;Barcelona;;;NULL;;Sant Martí;;431900.34489091183;NULL;﻿99400626022;99400625003;True;10;;;65;53;Àrea d'Esbarjo per a Gossos;146902;2019-04-12T00:00:00;4583891.554243087;Parc de les Glòries;2022-11-29T14:02:20.250039;NULL;;41.403683456120994;;NULL;el Clot;;NULL
;NULL;2.1373635511621036;;;Pl Rosa Sabater;;8022;NULL;;BARCELONA;;;NULL;;Sarrià-Sant Gervasi;;427899.7272870539;1;﻿97317171437;NULL;True;5;;;25;54;Àrea  per a Gossos *Plaça Rosa Sabater;700686;1997-11-13T00:00:00;4584399.873736013;;2023-06-01T13:32:12.439556;NULL;;41.40791284567273;;NULL;Sant Gervasi - la Bonanova;;NULL
;NULL;2.1512926328615456;;;Av Can Marcet;;8035;NULL;;BARCELONA;;;NULL;;Horta-Guinardó;;429093.26506605936;5;﻿97317183455;NULL;True;7;;;41;55;Àrea d'Esbarjo per a Gossos  *Jardins Can Marcet;700812;1997-11-13T00:00:00;4587379.6019461565;;2023-06-01T13:32:29.381086;NULL;;41.43485619902768;;NULL;la Vall d'Hebron;;NULL
;NULL;2.138100294856294;;;Pl Alfonso Comín;;8023;NULL;;BARCELONA;;;NULL;;Gràcia;;427968.2694716533;1;﻿97317204008;NULL;True;6;;;28;56;Àrea d'Esbarjo per a Gossos *Plaça Alfons Comín;701103;1997-11-13T00:00:00;4585099.046933707;;2024-01-16T18:43:19.151267;NULL;;41.4142161449877;;NULL;Vallcarca i els Penitents;;NULL
;1;2.166272793410519;;;Plaça de Joan Coromines;;8001;NULL;;Barcelona;;;NULL;;Ciutat Vella;;430289.981;1;﻿99400722467;NULL;True;1;;;1;57;Espai per a gossos deslligats a la Plaça de Joan Coromines;701222;2023-10-30T13:32:43.610742;4581670.112;;2026-03-24T14:55:42.846793;NULL;;41.383537647642115;;NULL;el Raval;;NULL
;31;2.1797732319926886;;;Passeig de Colom;;8002;NULL;;Barcelona;;;NULL;;Ciutat Vella;;431412.929;31;﻿99400722471;NULL;True;1;;;2;58;Espai per a gossos deslligats a la Balconada del Moll de la Fusta;82901;2023-10-30T13:42:13.365120;4581039.378;;2026-03-24T14:55:42.443067;NULL;;41.377953323734765;;NULL;el Barri Gòtic;;NULL
;NULL;2.166069366439031;Centraleta;;C Riera Alta;Telèfons;8001;NULL;933298150;BARCELONA;;;NULL;;Ciutat Vella;;430269.66490342934;25;﻿75990107439;NULL;True;1;;;1;59;Clínica Veterinària Riera Alta;282106;1996-09-18T00:00:00;4581326.613214681;;2023-10-03T10:03:30.218270;NULL;;41.3804421021787;;142858;el Raval;True;20003
;NULL;2.1576249329473116;Centraleta;;G.V. Corts Catalanes;Telèfons;8015;NULL;932926130;BARCELONA;;;NULL;;Eixample;;429564.99472249474;513;﻿75990538971;NULL;True;2;;;9;60;Botiga Animals i Companyia *Gran Via Corts Catalanes;169409;1998-08-15T00:00:00;4581480.565566017;;2023-10-03T10:15:11.192140;NULL;;41.38176732113683;;154752;la Nova Esquerra de l'Eixample;True;20003
;NULL;2.1475172569841363;Tel.;;Santjoanistes;Telèfons;8006;NULL;932185817;BARCELONA;;;NULL;;Sarrià-Sant Gervasi;;428743.06121185917;15;﻿62124856;NULL;True;5;;;27;61;Centre Veterinari Dr. Insa;312105;2000-03-02T00:00:00;4583849.467282225;;2025-04-15T16:34:34.661668;NULL;;41.4030307542475;;129219;el Putxet i el Farró;True;20001
;NULL;2.14103433793107;Tel.;;Entença;Telèfons;8029;NULL;934305696;BARCELONA;;;NULL;;Les Corts;;428183.106039509;227;﻿63092841;NULL;True;4;;;19;62;Patty-Boxer;110803;2000-03-03T00:00:00;4582033.275881413;;2025-04-15T16:41:29.202992;NULL;;41.3866232111675;;128987;les Corts;True;20001
;59;2.197185292630927;Tel.;;Rambla de Guipúscoa;Telèfons;8020;NULL;933030818;Barcelona;;;NULL;;Sant Martí;;432908.775;57;﻿75990065731;NULL;True;10;;;72;63;Centre Veterinari Guipúscoa;153205;1996-09-18T00:00:00;4585325.573;;2023-10-03T10:43:44.070664;NULL;;41.41668403489127;;139815;Sant Martí de Provençals;True;20001
;NULL;2.1714713154857357;Tel.;;Carrer de Santa Anna;Telèfons;8002;NULL;933025293;Barcelona;;;NULL;;Ciutat Vella;;430726.45335341344;14;﻿75990117751;NULL;True;1;;;2;64;Botiga d'animals Amadeu Vidal;313006;1996-09-18T00:00:00;4581854.949152293;;2023-10-03T10:03:25.308452;NULL;;41.385240120335574;;144404;el Barri Gòtic;True;20001
;NULL;2.138450889236655;Tel.;;Rda General Mitre;Telèfons;8006;NULL;932017006;BARCELONA;;;NULL;;Sarrià-Sant Gervasi;;427984.95658098045;132;﻿96107142534;NULL;True;5;;;26;65;J.O. Rovellat Maso;143904;1996-04-16T00:00:00;4583830.6223054305;;2025-04-15T16:43:46.357082;NULL;;41.40279347595387;;190818;Sant Gervasi - Galvany;True;20001
;NULL;2.171460739119755;Centraleta;;Av Diagonal;Telèfons;8009;NULL;934594500;BARCELONA;;;NULL;;Eixample;;430740.49389566435;317;﻿96107143138;NULL;True;2;;;7;66;Societat Serveis Veterinaris;144601;1996-04-16T00:00:00;4583415.763927259;;2006-11-23T10:07:00;NULL;;41.39929908837575;;190819;la Dreta de l'Eixample;True;20003
;NULL;2.136469523658567;Tel.;;Ravella;Telèfons;8021;NULL;934147727;BARCELONA;;;NULL;;Sarrià-Sant Gervasi;;427816.93726459495;6;﻿75990288456;NULL;True;5;;;26;67;Clínica Veter. Dra. Pérez de la Fuente;275905;1996-09-18T00:00:00;4583591.539601398;;2023-10-03T10:39:37.452947;NULL;;41.40062508994343;;149775;Sant Gervasi - Galvany;True;20001
;222;2.1964934552289375;;;Carrer d'Espronceda;;8018;NULL;;Barcelona;;;NULL;;Sant Martí;;432845.736;214;﻿329134821;NULL;True;10;;;72;68;Fundación Altarriba, Amigos de los Animales;115603;2000-11-24T00:00:00;4584763.268;;2025-08-22T09:54:54.343947;NULL;;41.41161425599589;;NULL;Sant Martí de Provençals;;NULL
;NULL;2.163574810633255;Tel.;;Francesc Alegre;Telèfons;8024;NULL;934132400;BARCELONA;;;NULL;;Horta-Guinardó;;430101.87665665994;32;﻿95081125712;NULL;True;7;;;34;69;Viver de Can Baró;132806;1995-03-22T00:00:00;4585554.51694126;;2025-04-15T16:43:37.659499;NULL;;41.41850679646472;Institut Municipal Parcs i Jardins;184152;Can Baró;True;20001
;NULL;2.1479545955255794;Tel.;;Provença;Telèfons;8029;NULL;934199153;BARCELONA;;;NULL;;Eixample;;428759.5974822842;59;﻿75990362556;NULL;True;2;;;9;70;Botiga El Super dels Animals;268003;1996-09-18T00:00:00;4581813.280150197;;2023-10-03T10:15:52.697187;NULL;;41.38469305059617;;152000;la Nova Esquerra de l'Eixample;True;20001
;NULL;2.1748394593850446;Tel.;;Aragó;Telèfons;8013;NULL;932455078;BARCELONA;;;NULL;;Eixample;;431023.11614613293;414;﻿75990343925;NULL;True;2;;;5;71;Cidon Dominguez Julio;18505;1996-09-18T00:00:00;4583432.464822119;;2023-10-03T10:16:06.386110;NULL;;41.39947380226278;;151257;el Fort Pienc;True;20001
;NULL;2.2058360810863666;;;C Santander;;8030;NULL;;BARCELONA;;;NULL;;Sant Andreu;;433648.17491434567;95;﻿97316211230;NULL;True;9;;;59;72;Àrea per a Gossos  *Santander - Pg. Enric Sanchis;318906;1997-11-12T00:00:00;4587112.271474414;;2023-06-01T13:28:36.950289;NULL;;41.432837694695316;;NULL;el Bon Pastor;;NULL
;NULL;2.1571031778705527;Centraleta;;Trav Dalt;Telèfons;8024;NULL;932105702;BARCELONA;;;NULL;;Gràcia;;429553.0871556522;95;﻿75990125629;NULL;True;6;;;30;73;Centre Veterinari La Salut;344000;1996-09-18T00:00:00;4584741.338754953;;2023-10-03T10:42:07.061182;NULL;;41.41113489083898;;144264;la Salut;True;20003
;NULL;2.157447662343646;;;C Dante Alighieri;;8032;NULL;;BARCELONA;;;NULL;;Horta-Guinardó;;429599.76031805674;74;﻿99400369662;99400354178;True;7;;;37;74;Àrea per a Gossos;97807;2015-01-28T00:00:00;4586579.009852353;Jardins d'Eduard Batiste Alentorn;2022-12-16T12:06:50.790928;NULL;;41.42769015831456;;NULL;el Carmel;;NULL
;NULL;2.1572323221370855;Tel.;;Viladomat;Telèfons;8015;NULL;934231171;BARCELONA;;;NULL;;Eixample;;429529.8701133804;103;﻿75990343922;NULL;True;2;;;10;75;Clínica Veterinària Drs. Tabernero;361406;1996-09-18T00:00:00;4581244.749860294;;2023-10-03T10:16:06.456014;NULL;;41.37964033230747;;151256;Sant Antoni;True;20001
;NULL;2.171297139848222;Tel.;;Av Diagonal;Telèfons;8009;NULL;934584355;BARCELONA;;;NULL;;Eixample;;430726.77402989595;319;﻿90125021495;NULL;True;2;;;7;76;Botiga Centro Canino Carlos;144601;1992-05-04T00:00:00;4583411.283968144;;2016-11-22T16:25:48;NULL;;41.39925755697648;;157462;la Dreta de l'Eixample;True;20001
;NULL;2.1852959858954075;Tel.;;Buenaventura Muñoz;Telèfons;8018;NULL;933002516;BARCELONA;;;NULL;;Sant Martí;;431889.0029109926;24;﻿75990478353;NULL;True;10;;;66;77;Unitat Veterinària Barcelona;50803;1997-11-15T00:00:00;4582551.767589134;;2023-10-03T10:38:12.703025;NULL;;41.39161543566696;;154353;el Parc i la Llacuna del Poblenou;True;20001
;NULL;2.1476310625423354;;;Pl Ventura Gassol;;8023;NULL;;BARCELONA;;;NULL;;Sarrià-Sant Gervasi;;428756.62199305394;1;﻿93131112652;NULL;True;5;;;27;78;Àrea per a Gossos *Plaça Ventura i Gassol;267838;1993-05-11T00:00:00;4584260.761274114;;2022-12-16T12:06:54.449513;NULL;;41.40673631853347;;NULL;el Putxet i el Farró;;NULL
;NULL;2.1566610699100104;Tel.;;Vallhonrat;Telèfons;8004;NULL;934240674;BARCELONA;;;NULL;;Sants-Montjuïc;;429475.73577681615;30;﻿75990421278;NULL;True;3;;;11;79;Centro Veterinario Pisadas;353306;1997-03-22T00:00:00;4580590.831232222;;2023-10-03T10:39:22.008920;NULL;;41.3737459599748;;153270;el Poble-sec;True;20001
;NULL;2.146278801912153;;;C Farigola;;8023;NULL;;BARCELONA;;;NULL;;Gràcia;;428649.98289132764;21;﻿93131133239;NULL;True;6;;;28;80;Àrea d'Esbarjo per a Gossos  *Carrer Farigola;120104;1993-05-11T00:00:00;4584909.953921697;;2023-06-01T13:35:26.486530;NULL;;41.41257387522623;;NULL;Vallcarca i els Penitents;;NULL
;NULL;2.1863412717666497;;;Pl Palmeres;;8030;NULL;;BARCELONA;;;NULL;;Sant Andreu;;432018.92873393674;1;﻿93132120023;NULL;True;9;;;60;81;Àrea per a Gossos *Plaça Palmeres;301109;1993-05-12T00:00:00;4587078.959475597;;2022-12-16T12:06:54.319324;NULL;;41.43240140964954;;NULL;Sant Andreu;;NULL
;NULL;2.144060710192472;Tel.;;Entença;Telèfons;8029;NULL;933227112;BARCELONA;;;NULL;;Eixample;;428433.7736543604;171;﻿63092509;NULL;True;2;;;9;82;Clínica Veterinària Entença;110803;2000-03-03T00:00:00;4581791.285296027;;2025-04-15T16:44:02.295911;NULL;;41.38446603205507;;128986;la Nova Esquerra de l'Eixample;True;20001
;NULL;2.152559224709501;Tel.;;Dante Alighieri;Telèfons;8032;NULL;934205908;BARCELONA;;;NULL;;Horta-Guinardó;;429188.39637272235;177;﻿63093752;NULL;True;7;;;37;83;Dante Veterinari;97807;2000-03-03T00:00:00;4586286.454617452;;2025-04-15T16:40:00.957680;NULL;;41.425019077503435;;128988;el Carmel;True;20001
;NULL;2.188619568393393;Tel.;;Balira;Telèfons;8030;NULL;933463664;BARCELONA;;;NULL;;Sant Andreu;;432218.4496009293;4;﻿77095311;NULL;True;9;;;60;84;Dispensari Veterinàri Balira;32608;2000-03-17T00:00:00;4588055.347003971;;2025-04-15T16:40:41.655655;NULL;;41.441212252493045;;129289;Sant Andreu;True;20001
;NULL;2.137352615685088;Tel.;;Modolell;Telèfons;8021;NULL;934146022;BARCELONA;;;NULL;;Sarrià-Sant Gervasi;;427887.0306639072;13;﻿92086014185;NULL;True;5;;;26;85;Escola Ken Sewell;214106;1985-07-08T00:00:00;4583216.652272997;;2025-04-15T16:43:59.919130;NULL;;41.39725492316698;;164751;Sant Gervasi - Galvany;True;20001
;NULL;2.161870353964425;Tel.;;Còrsega;Telèfons;8037;NULL;934580077;BARCELONA;;;NULL;;Gràcia;;429938.0597069409;357;﻿75990044579;NULL;True;6;;;31;86;Botiga Centre Caní Còrsega;90502;1996-09-18T00:00:00;4583346.513437445;;2023-10-03T10:44:56.520809;NULL;;41.398605854770224;;137949;la Vila de Gràcia;True;20001
;NULL;2.1899027115724445;Tel.;;Sant Carles;Telèfons;8003;NULL;932215069;BARCELONA;;;NULL;;Ciutat Vella;;432261.3115694487;20;﻿75990275260;NULL;True;1;;;3;87;Clínica Veterinària Port Vell;298004;1996-09-18T00:00:00;4581176.038089316;;2023-10-03T10:03:06.791189;NULL;;41.37925605187341;;148505;la Barceloneta;True;20001
;NULL;2.1521379230079183;Tel.;;Viladomat;Telèfons;8015;NULL;932269209;BARCELONA;;;NULL;;Eixample;;429108.06512364943;191;﻿75990271247;NULL;True;2;;;9;88;Pauvic S.L.;361406;1996-09-18T00:00:00;4581676.158561619;;2023-10-03T10:17:25.274034;NULL;;41.38348882757671;;148741;la Nova Esquerra de l'Eixample;True;20001
;30;2.1445652806631705;Tel.;;Carrer de Sant Hermenegild;Telèfons;8006;NULL;932 11 15 12;Barcelona;;;NULL;;Sarrià-Sant Gervasi;;428496.437;30;﻿75990619693;NULL;True;5;;;27;89;Clínica Veterinària Albó;302906;2000-02-06T00:00:00;4583864.717;;2023-10-03T10:38:19.967813;NULL;;41.403146205837125;;156395;el Putxet i el Farró;True;20001
;NULL;2.1714713154857357;Tel.;;C Santa Anna;Telèfons;8002;NULL;933173949;BARCELONA;;;NULL;;Ciutat Vella;;430726.45335341344;14;﻿99400117405;NULL;True;1;;;2;90;Centre Veterinari Santa Ana;313006;2005-05-28T11:35:08;4581854.949152293;;2023-10-03T10:02:28.051936;NULL;;41.385240120335574;;213757;el Barri Gòtic;True;20001
;NULL;2.1705727575479536;Tel.;;C Rosselló;Telèfons;8025;NULL;934084007;BARCELONA;;;NULL;;Gràcia;;430670.65347969707;395;﻿90125059169;NULL;True;6;;;32;91;Clínica Veterinària Family Vet;289105;1992-05-04T00:00:00;4583874.857435245;;2022-09-20T10:51:46.967175;NULL;;41.40342797029648;;158853;el Camp d'en Grassot i Gràcia Nova;True;20001
;NULL;2.1805919884987484;Tel.;;Sicília;Telèfons;8013;NULL;932650860;BARCELONA;;;NULL;;Eixample;;431500.7335762932;182;﻿75990282595;NULL;True;2;;;5;92;Clínica Veterinària Fort Pius;325005;1996-09-18T00:00:00;4583083.996318351;;2023-10-03T10:17:18.019708;NULL;;41.396376084659664;;148997;el Fort Pienc;True;20001
;NULL;2.19120781351727;Tel.;;Sagrera;Telèfons;8027;NULL;933496102;BARCELONA;;;NULL;;Sant Andreu;;432417.0120540705;112;﻿75990492034;NULL;True;9;;;61;93;Centre Veterinari San José;292507;1998-03-28T00:00:00;4586163.150479449;;2023-10-03T10:38:55.481850;NULL;;41.424186619366424;;155086;la Sagrera;True;20001
;NULL;2.1576881266302466;Tel.;;Rabassa;Telèfons;8024;NULL;932850952;BARCELONA;;;NULL;;Gràcia;;429598.533788383;37;﻿75990439397;NULL;True;6;;;31;94;Euroanimals S.C.P.;273207;1997-07-05T00:00:00;4584386.897220424;;2023-10-03T10:38:34.982597;NULL;;41.4079465523679;;154712;la Vila de Gràcia;True;20001
;76;2.1097842880814275;Tel.;;Avinguda d'Esplugues;Telèfons;8034;NULL;932035222;Barcelona;;;NULL;;Les Corts;;425574.439;74;﻿75990209897;NULL;True;4;;;21;95;Conillas Garden Center;115400;1996-09-18T00:00:00;4582461.798;;2025-06-20T10:00:57.765430;NULL;;41.390245590816384;;146753;Pedralbes;True;20001
;NULL;2.195594284596053;Tel.;;Salvador Espriu;Telèfons;8005;NULL;932254938;BARCELONA;;;NULL;;Sant Martí;;432747.50162185624;23;﻿62124158;NULL;True;10;;;67;96;Clínica Veterinària Marina;700662;2000-03-02T00:00:00;4582277.834433763;;2025-04-15T16:38:23.848763;NULL;;41.389220435875174;;129218;la Vila Olímpica del Poblenou;True;20001
;NULL;2.138497985828923;Tel.;;Rossend Arús;Telèfons;8014;NULL;934171140;BARCELONA;;;NULL;;Sants-Montjuïc;;427954.8286073705;37;﻿62141218;NULL;True;3;;;16;97;Consultori Veterinari;289207;2000-03-02T00:00:00;4580404.163733845;;2025-04-15T16:38:23.885270;NULL;;41.37192999941326;;129220;la Bordeta;True;20001
;NULL;2.146345682447538;Tel.;;C Marià Cubí;Telèfons;8021;NULL;932023199;BARCELONA;;;NULL;;Sarrià-Sant Gervasi;;428637.4824019717;159;﻿63085416;NULL;True;5;;;26;98;Centre Sant Gervasi;196900;2000-03-03T00:00:00;4583074.180821982;;2006-01-18T13:26:29;NULL;;41.396038686800736;;129865;Sant Gervasi - Galvany;True;20001
;NULL;2.154664214925098;Tel.;;Trav Gràcia;Telèfons;8012;NULL;932170894;BARCELONA;;;NULL;;Gràcia;;429336.7885240035;117;﻿75990126208;NULL;True;6;;;31;99;Consultori Veterinari;344101;1996-09-18T00:00:00;4583467.00613705;;2023-10-03T10:42:05.384879;NULL;;41.39963847333057;;144326;la Vila de Gràcia;True;20001
;NULL;2.166633507310452;Tel.;;Sardenya;Telèfons;8025;NULL;932196012;BARCELONA;;;NULL;;Gràcia;;430346.6655129481;437;﻿75990109981;NULL;True;6;;;32;100;Clínica Veterinària Castelar;76807;1996-09-18T00:00:00;4584427.375980604;;2023-10-03T10:42:48.273690;NULL;;41.40837630550219;;142297;el Camp d'en Grassot i Gràcia Nova;True;20001
